code,family_code,label_no,label_en,description,description_no,sort_order,search_terms_no,need_terms_no,volunteer_terms_no,terms_en,label_no_evidence,en_measured,search_entry,previous_label_no
rescue_corps,beredskap,Hjelpekorps,Search and rescue,"Volunteers who search for missing people and give first aid in mountains, forests and at sea.","Frivillige som leter etter savnede og gir førstehjelp i fjellet, i skogen og på sjøen.",1,hjelpekorpset (500) | hjelpekorps (50) | redningskorps (50),leteaksjon (500) | søk etter savnet (50),frivillig redningstjeneste (50),search and rescue · missing person search · volunteer rescue service,hjelpekorpset 500 · leteaksjon 500,no,yes,
first_aid_standby,beredskap,Sanitetsvakt,First-aid cover at events,"Volunteers who provide first-aid cover at events, sports meets and concerts.","Frivillige som har førstehjelpsvakt på arrangementer, stevner og konserter.",2,,,,first aid at events · event medical cover,sanitetsvakt 50,no,no,Sanitetsvakt og beredskapsvakt
first_aid_training,beredskap,Førstehjelpskurs,First-aid course,"Courses in first aid and CPR for everyone, including free courses and courses for children.","Kurs i førstehjelp og hjerte-lunge-redning for alle, også gratis kurs og kurs for barn.",3,førstehjelpskurs (5000) | hlr kurs (500) | førstehjelpskurs gratis (50) | førstehjelpskurs barn (50) | gratis førstehjelpskurs på nett (50) | hjerte lunge redning kurs (50) | hlr kurs helsepersonell (50) | hlr kurs gratis (50) | hlr kurs barn (50) | førstehjelpskurs bedrift (50) | førstehjelpskurs på nett (50) | førstehjelpskurs for bedrifter (50) | førstehjelpskurs pris (50) | digitalt førstehjelpskurs (50) | førstehjelpskurs privatpersoner (50) | gratis førstehjelpskurs (50) | pris førstehjelpskurs (50) | førstehjelpskurs offshore (50) | nettbasert førstehjelpskurs (50) | førstehjelpskurs for barn (50) | grunnleggende førstehjelpskurs (50) | 40 timers førstehjelpskurs (50) | lovpålagt førstehjelpskurs (50),,,first aid course · CPR course · free first aid training,førstehjelpskurs 5000 · hlr kurs 500,no,yes,
crisis_preparedness,beredskap,Krisehjelp,Support after a crisis,Volunteers who give care and psychosocial support to people affected by an accident or crisis.,Frivillige som gir omsorg og psykososial støtte til folk som er rammet av en ulykke eller krise.,4,omsorgsberedskap (50) | frivillig beredskap (50) | psykososial støtte (50) | støtte etter krise (50) | krisehjelp (50),,,crisis support · psychosocial support · emergency care volunteers,krisehjelp 50 · psykososial støtte 50 · omsorgsberedskap 50,no,no,Omsorgsberedskap
elderly_visiting,sosialt,Besøksvenn,Visiting friend,"A volunteer who visits you regularly for company and conversation, often for lonely older people.","En frivillig som besøker deg jevnlig, for selskap og en prat — ofte for eldre som er ensomme.",5,besøksvenn (500) | besøkstjeneste (50) | besøksvenn med hund (50) | ensomme eldre (50) | besøksvenn for eldre (50) | besøksvenn med hund kurs (50) | besøke eldre på sykehjem (50) | frivillig eldreomsorg (50) | besøke ensomme eldre (50) | besøksvenn eldre (50) | besøksvenn på sykehjem (50) | besøksvenn sykehjem (50) | få besøksvenn (50),,frivillig besøksvenn (50) | bli besøksvenn (50),befriending · visiting service · companionship for older people · loneliness,besøksvenn 500 · ensomhet 5000 (behov),no,yes,Besøksvenn og besøkstjeneste
meeting_place,sosialt,Møteplass og åpen kafé,Meeting place and drop-in café,"An open place to meet others - a café, a morning get-together or a women's café - where everyone is welcome.","Et åpent sted å treffe andre — kafé, formiddagstreff eller kvinnekafé — der alle er velkomne.",6,møteplass (500) | åpen kafe (500) | treffpunkt (500) | aktiviteter for eldre (500) | sosial møteplass (50) | treffsted (50) | formiddagstreff (50) | seniortreff (50) | treffstedet (50) | åpen kafe nær meg (50) | åpen kafe søndag (50) | sosiale aktiviteter (50) | aktiviteter for voksne (50) | ensom voksen (50) | sosialt fellesskap (50) | eldretreff (50),ensom og alene (50),,drop-in café · community café · social meeting place · activities for older people,møteplass 500 · åpen kafe 500 · treffpunkt 500 · aktiviteter for eldre 500,no,yes,Møteplass og kafé
volunteer_centre,sosialt,Frivilligsentral,Volunteer centre,"A local centre that connects people who want to help with people who need help, and runs its own activities.","Lokalt senter som kobler folk som vil hjelpe med folk som trenger hjelp, og har egne aktiviteter.",7,frivilligsentral (500) | frivilligsentralen (500) | frivillighetssentral (50),,,volunteer centre · volunteering near me,frivilligsentral 500,no,yes,
language_practice,inkludering,Språkkafé og gratis norsktrening,Language café and free Norwegian practice,"Practise speaking Norwegian with others, free of charge - a language café, a language buddy or a conversation group.","Øv på å snakke norsk sammen med andre, gratis — språkkafé, språkvenn eller samtalegruppe.",8,språkkafe (500) | gratis norskkurs (500) | språkkafé (50) | norsktrening (50) | språkvenn (50) | språktrening (50) | lære norsk gratis (50) | norsk språkkafe (50) | språktrening barn (50) | språktrening barnehage (50) | lære norsk gratis online (50) | lære norsk grammatikk gratis (50) | gratis norskkurs på nett (50) | gratis norskkurs b1 (50) | gratis norskkurs nav (50) | gratis norskkurs imdi (50),snakke norsk (50),,language café · free Norwegian lessons · Norwegian conversation practice · language buddy,språkkafe 500 · gratis norskkurs 500,no,yes,Språkkafé og norsktrening
migrant_mentoring,inkludering,Flyktningguide og flyktningvenn,Refugee guide and refugee friend,"A volunteer who helps newcomers to Norway settle in, and activities at asylum reception centres.","En frivillig som hjelper nye i Norge med å finne seg til rette, og aktiviteter på asylmottak.",9,flyktningguide (50) | flyktningvenn (50) | frivillig flyktninger (50) | frivillig asylmottak (50) | jobbe frivillig flyktninger (50),hjelp til flyktninger (50),,refugee mentor · refugee buddy · help for refugees · asylum centre activities,flyktningguide 50 · flyktningvenn 50 · hjelp til flyktninger 50 (behov),no,yes,Flyktningguide og integreringsvenn
homework_help,barn_unge,Leksehjelp,Homework help,"Free help with homework, in person or online, for children and young people.","Gratis hjelp med lekser, på stedet eller digitalt, for barn og unge.",10,leksehjelp (500) | digital leksehjelp (500) | gratis leksehjelp (50) | leksehjelp i matte (50) | leksehjelp barneskole (50) | privat leksehjelp (50) | leksehjelp på nett (50) | enter leksehjelp (50) | leksehjelp matte (50) | mentor leksehjelp (50) | leksehjelp matematikk (50) | online leksehjelp (50) | leksehjelpen (50) | leksehjelp online (50) | matematikk leksehjelp (50) | leksehjelp videregående skole (50) | digitalleksehjelp (50) | leksehjelp gratis (50) | leksehjelp i matematikk (50) | bli leksehjelp (50) | norsk leksehjelp (50) | leksehjelp for voksne (50) | digitalleksehjelp no (50) | engelsk leksehjelp (50) | ent3r leksehjelp (50) | gratis leksehjelp på nett (50) | håvard tjora leksehjelp i matematikk (50) | leksehjelp engelsk (50) | leksehjelp hjemme (50) | leksehjelp i skolen (50) | leksehjelp på engelsk (50) | leksehjelp sølvberget (50) | leksehjelp udir (50) | leksehjelpen no (50) | leksehjelper (50) | sonans leksehjelp (50) | spansk leksehjelp (50) | udir leksehjelp (50),hjelp med lekser (50) | hjelp med matte (50),frivillig leksehjelp (50),homework help · free tutoring · online homework help,leksehjelp 500 · digital leksehjelp 500,no,yes,
youth_drop_in,barn_unge,Ungdomsklubb og fritidsklubb,Youth club,"A safe place to hang out with friends after school, with activities and adults present.","Et trygt sted å henge med venner etter skolen, med aktiviteter og voksne til stede.",11,ungdomsklubb (500) | fritidsklubb (500) | fritidsklubben (50) | møteplass for ungdom (50) | ungdomshus (50) | ungdomskafe (50) | aktiviteter for ungdomsklubb (50) | lerdal fritidsklubb (50),,,youth club · youth centre · after-school club for teenagers,ungdomsklubb 500 · fritidsklubb 500,no,yes,Ungdomsklubb og treffpunkt for ungdom
youth_activity_groups,barn_unge,Fritidsaktiviteter for barn og unge,Leisure activities for children and young people,"Regular groups with outdoor life, scouting and other activities for children and young people, often free.","Faste grupper med friluftsliv, speiding og andre aktiviteter for barn og unge, ofte gratis.",12,fritidsaktiviteter barn (500) | speiding (500) | friluftsliv ungdomsskolen (50),gratis aktiviteter barn (50) | gratis fritidsaktiviteter (50),,free activities for children · scouting · youth groups · outdoor activities for kids,fritidsaktiviteter barn 500 · speiding 500 · gratis aktiviteter barn 50 (behov),no,yes,Barne- og ungdomsgrupper
holiday_camps_low_income,barn_unge,Sommerleir og gratis ferie,Summer camp and free holidays,Free holiday trips and summer camps for children and families who cannot afford a holiday.,Gratis ferieturer og sommerleirer for barn og familier som ikke har råd til ferie.,13,sommerleir (500) | gratis sommerleir for barn (50),gratis ferie (50) | råd til ferie (50),,free summer camp · free holidays for low-income families · holiday for children,sommerleir 500 · ferie for alle 500 · gratis ferie 50 (behov),no,yes,Ferie for alle
family_support,barn_unge,Åpen barnehage og familiesenter,Drop-in playgroup and family centre,"Meeting places and support for families with young children: drop-in playgroups, baby groups, family centres and home visits.","Treffsteder og støtte for småbarnsfamilier: åpen barnehage, barseltreff, familiesenter og besøk hjemme.",14,åpen barnehage (5000) | familiesenteret (500) | familiesenter (50) | mentorfamilie (50) | barseltreff (50) | åpen barnehage near me (50),,,drop-in playgroup · family centre · parent and baby group · family support,åpen barnehage 5000 · familiesenteret 500,no,yes,Familiestøtte og familiesenter
reading_friend,barn_unge,Lesevenn,Reading friend,"A volunteer who reads with children, to build a love of reading and language.","En frivillig som leser sammen med barn, for leselyst og språk.",15,lesevenn (50) | leseombud (50) | lesehjelp (50) | lesetrening barn (50) | lesestund (50),lese for barn (50),,reading buddy · reading volunteer · reading to children,lesevenn 50 · lese for barn 50 (behov),no,no,
child_welfare,barn_unge,Fosterhjem og barnevernstiltak,Foster care and child welfare services,"Foster homes, children's homes, supervised contact centres and other services for children in the care of child welfare.","Fosterhjem, barnehjem, samværssteder og andre tiltak for barn som barnevernet har ansvar for.",16,barneverntiltak (50) | tilsyn ved samvær (50),,bli fosterhjem (500),foster care · become a foster parent · supervised contact · child welfare,bli fosterhjem 500 · barneverntiltak 50 · tilsyn ved samvær 50,no,yes,Barnevern og omsorgstiltak
health_information,helse,Helseopplysning og mestringskurs,Health information and self-management courses,"Courses and information about illness and health, to help you manage everyday life with a diagnosis.",Kurs og kunnskap om sykdom og helse — slik at du kan mestre hverdagen med en diagnose.,17,helseopplysning (500) | mestringskurs (50) | diabeteskurs (50) | mestringskurs asperger (50),kurs diabetes (50),,health information · self-management course · patient education · diabetes course,helseopplysning 500 · mestringskurs 50 · diabeteskurs 50,no,yes,Helseopplysning og kurs
peer_support,helse,Likeperson og støttegruppe,Peer support and support groups,Talk to someone who has been in the same situation - a peer supporter or a support group.,Snakk med noen som har vært i samme situasjon — en likeperson eller en støttegruppe.,18,likeperson (500) | likemann (50) | samtalegruppe (50) | selvhjelpsgruppe (50) | pårørendegruppe (50) | støttegruppe (50) | likepersonsarbeid (50) | likepersonskurs (50) | likepersoner (50) | likemannsarbeid (50) | samtalegrupper (50) | selvhjelpsgrupper (50) | støttegruppen (50) | pårørendestøtte (50) | hlf likeperson (50) | pårørendegrupper (50),,,peer support · support group · self-help group · carers' group,likeperson 500 · samtalegruppe 50 · selvhjelpsgruppe 50 · pårørendegruppe 50,no,yes,Likepersonarbeid
dementia_support,helse,Demensforening og aktivitetsvenn,Dementia support and activity friends,"Activities, an activity friend and support for people with dementia and their families.","Aktiviteter, aktivitetsvenn og støtte for personer med demens og deres pårørende.",19,demensvennlig samfunn (500) | demenskoordinator (500) | demensforening (50) | aktivitetsvenn (50) | demensvennlig kommune (50) | demensvennlige omgivelser (50) | aktivitetsvenner (50) | aktivitetsvenn demens (50) | demens aktiviteter (50),,bli aktivitetsvenn (50),dementia support · dementia-friendly activities · dementia activity friend · dementia carers,demensforeningen 500 · demensvennlig samfunn 500 · aktivitetsvenn 50,no,sensitive,Demensvennlig tilbud
physical_activity,helse,Trening for eldre og turvenner,Exercise for older people and walking groups,"Exercise classes, walking groups and training together - many are designed for older people.","Trim, turgrupper og trening i fellesskap — mange tilbud er laget for eldre.",20,gåfotball (500) | trening for eldre (500) | gåfotball norge (500) | turvenner (500) | styrketrening for eldre (500) | styrketrening for eldre hjemme (500) | tung styrketrening for eldre (500) | turgruppe (50) | gågruppe (50) | trimgruppe (50) | seniortrim (50) | kløvertur (50) | gågrupper (50) | gåfotball regler (50) | trening for eldre øvelser (50) | gruppetrening for eldre (50) | balansetrening for eldre (50) | dnt turgruppe (50) | funksjonell trening for eldre (50) | fysisk aktivitet og trening for eldre (50) | hjemmetrening for eldre (50) | styrketrening for eldre øvelser (50) | sykkeltrening for eldre (50) | trening for eldre program (50) | turgrupper (50),balansetrening eldre (500) | trimøvelser for eldre (500),,exercise for older people · walking group · walking football · balance training,trening for eldre 500 · turvenner 500 · gåfotball 500,no,yes,Turgrupper og fysisk aktivitet
health_services,helse,Gratis helsehjelp,Free health care,"Free, low-threshold health care - a doctor or nurse without an appointment or a GP, including for undocumented migrants.","Gratis og lavterskel helsehjelp — lege og sykepleier uten time eller fastlege, også for papirløse.",21,helsesenter for papirløse (50) | helsesenter for papirløse migranter (50) | gratis helsehjelp (50),gratis lege (50),,free doctor · free health care · clinic for undocumented migrants · street nurse,gratis lege 50 · gratis helsehjelp 50 · helsesenter for papirløse 50,no,sensitive,Lavterskel helsetilbud og behandling
addiction_support,rus_bolig,Rusbehandling og rusomsorg,Addiction treatment and support,"Treatment, follow-up and a place to be for people with drug or alcohol problems and their families.","Behandling, oppfølging og et sted å være for folk med rusproblemer og deres pårørende.",22,rusbehandling (500) | rusomsorg (50) | rusomsorgen (50) | rusproblemer hjelp (50) | rusbehandling institusjon (50) | rusbehandling privat (50),,frivillig rusomsorg (50),addiction treatment · drug and alcohol help · rehab · support for families of addicts,rusbehandling 500 · rusomsorg 50 · rusproblemer hjelp 50,no,sensitive,Hjelp ved rusproblemer
emergency_shelter,rus_bolig,Akuttovernatting og herberge,Emergency night shelter,"A place to sleep tonight, if you have nowhere to stay.","Et sted å sove i natt, for deg som ikke har noe sted å bo.",23,herberge (500) | akuttovernatting (50) | natthjem (50) | natthjemmet (50) | sovested (50),har ikke sted å bo (50) | sove ute (50),,night shelter · homeless shelter · emergency accommodation,herberge 500 · akuttovernatting 50 · har ikke sted å bo 50 (behov),no,yes,Akuttovernatting
housing_outreach,rus_bolig,Bolighjelp for bostedsløse,Housing help and outreach for homeless people,"Help to find and keep a home, and street outreach among people who are homeless.","Hjelp til å finne og beholde en bolig, og oppsøkende arbeid blant folk som er bostedsløse.",24,bostedsløs (500) | bostedsløse (500) | bolighjelp (50) | oppsøkende arbeid (50) | bostedsløse i norge (50) | hjemløs (50),,,help for homeless people · housing support · street outreach,bostedsløs 500 · bolighjelp 50 · oppsøkende arbeid 50,no,yes,Bolighjelp og oppsøkende arbeid
food_distribution,rus_bolig,Gratis mat og matutdeling,Free food and food parcels,"Free food parcels, meals and soup kitchens for people with little money for food.","Gratis matposer, måltider og suppekjøkken for deg som har lite penger til mat.",25,gratis mat (500) | matutdeling (50) | gratis middag (50) | suppekjøkken (50) | få gratis mat (50) | gratis matutdeling (50),hjelp med mat (50) | ikke råd til mat (50) | matkø (50),,food bank · free food · food parcels · soup kitchen · free meals,gratis mat 500 · matutdeling 50 · ikke råd til mat 50 (behov),no,yes,Matutdeling
thrift_shop,rus_bolig,Bruktbutikk,Second-hand shop,Buy and donate second-hand clothes and goods - the profit funds the organisation's work.,Kjøp og lever brukte klær og ting — overskuddet går til organisasjonens arbeid.,26,bruktbutikk (50000) | gjenbruksbutikk (5000) | brukt butikk (5000) | bruktbutikker (500) | bruktbutikk i nærheten (500) | ikea bruktbutikk (500) | instituttets bruktbutikk (500) | kontakten bruktbutikk (500) | ås bruktbutikk (500) | bruktbutikk nett (50) | bruktbutikk online (50) | blå kors bruktbutikk (50) | bruktbutikk ensjø (50) | bruktbutikk grenland (50) | bruktbutikk grim (50) | bruktbutikk kjørbekk (50) | bruktbutikk lofoten (50) | bruktbutikk no (50) | bruktbutikk søndagsåpent (50) | bruktbutikk sørlandet (50) | bruktbutikk ulven (50) | bruktbutikker i grenland (50) | bærekraftig bruktbutikk (50) | dansk bruktbutikk på nett (50) | egna bruktbutikk (50) | gnisten bruktbutikk (50) | grim bruktbutikk (50) | hjelpende hender bruktbutikk (50) | maritastiftelsen bruktbutikk (50) | me bruktbutikk (50) | nlm bruktbutikk (50) | nms bruktbutikk (50) | normisjon bruktbutikk (50) | olgars bruktbutikk (50) | os bruktbutikk (50) | remiks gjenbruksbutikk (50) | råde bruktbutikk (50) | second chance bruktbutikk (50) | sirkula bruktbutikk (50) | solvoll bruktbutikk (50) | ulven bruktbutikk (50) | vel bevart bruktbutikk møbel (50),billige klær (500) | levere klær (50),,charity shop · second-hand shop · thrift store · donate clothes,bruktbutikk 50000 · gjenbruksbutikk 5000,no,yes,
work_inclusion,arbeid,Arbeidstrening og arbeidspraksis,Work training and job placement,"Work training, job placements and follow-up for people outside the labour market.","Arbeidstrening, praksisplass og oppfølging for deg som står utenfor arbeidslivet.",27,arbeidstrening (500) | arbeidsinkludering (500) | arbeidspraksis (500) | arbeidstrening nav (500) | nav arbeidstrening (500) | jobbtrening (50) | arbeidsinkludering i sosialt arbeid (50) | arbeidsinkluderingsbedrifter (50) | arbeidspraksis nav (50) | jobbtrening nav (50) | alf arbeidstrening (50) | arbeidspraksis gjennom nav (50) | arbeidspraksis nav lønn (50) | arbeidstrening bedrift (50) | arbeidstrening gjennom nav (50) | arbeidstrening lønnstilskudd (50) | arbeidstrening nav varighet (50) | arbeidstrening via nav (50) | nav arbeidspraksis (50) | nav arbeidstrening bedrift (50),hjelp til å få jobb (50),,work training · job placement · supported employment · help to find work,arbeidstrening 500 · arbeidspraksis 500 · arbeidsinkludering 500,no,yes,Arbeidstrening og arbeidsinkludering
legal_aid,rettigheter,Gratis rettshjelp,Free legal aid,"Free legal help - advice, help with appeals and representation - if you cannot afford a lawyer.","Gratis juridisk hjelp — råd, hjelp med klager og representasjon — for deg som ikke har råd til advokat.",28,fri rettshjelp (5000) | gratis rettshjelp (500) | gratis juridisk hjelp (50) | gratis juridisk hjelp for kvinner (50) | gratis rettshjelp nav (50) | gratis rettshjelp student (50),gratis advokat (500),,free legal aid · free lawyer · legal advice clinic,fri rettshjelp 5000 · gratis rettshjelp 500 · gratis advokat 500 (behov),no,yes,
legal_witness_support,rettigheter,Vitnestøtte,Witness support,Support and information before and during the trial when you are a witness.,Støtte og informasjon før og under rettssaken når du skal vitne.,29,vitnestøtte (50) | vitne i rettssak (50),vitne i retten (50),,witness support · court witness service,vitnestøtte 50 · vitne i retten 50 (behov),no,no,
prison_reintegration,rettigheter,Nettverk etter soning,Support after prison,A volunteer and a network to help you restart your life after release - and support for prisoners' children.,En frivillig og et nettverk som hjelper deg i gang med livet etter løslatelse — og støtte til innsattes barn.,30,nettverk etter soning (500),,,support after prison · prisoner reintegration · ex-offender mentoring,nettverk etter soning 500,no,yes,
crisis_helpline,rettigheter,Hjelpetelefon og chat,Helpline and chat,Call or chat anonymously with someone when you need to talk - many services are open around the clock.,Ring eller chat anonymt med noen når du trenger å snakke — hele døgnet for mange av tjenestene.,31,hjelpetelefon (500) | hjelpetelefon chat (50) | hvor kan jeg snakke med noen anonymt (50) | hjelpetelefon døgnåpent (50) | hjelpetelefon rus (50) | psykisk helse hjelpetelefon (50) | hjelpetelefon ensom (50) | anonym hjelpetelefon (50) | gratis hjelpetelefon (50) | hjelpetelefon barn (50) | hjelpetelefon for barn (50) | hjelpetelefon for psykisk helse (50) | hjelpetelefon for ungdom (50) | hjelpetelefon foreldre (50) | hjelpetelefon frivillig (50) | hjelpetelefon ungdom (50) | hjelpetelefon voksne (50) | mental hjelpetelefon (50) | sos hjelpetelefon (50),selvmordstanker hjelp (50),frivillig hjelpetelefon (50),helpline · crisis line · anonymous chat · suicide helpline,hjelpetelefon 500 · selvmordstanker hjelp 50 (behov),no,yes,
crisis_shelter,rettigheter,Krisesenter,Crisis shelter and support after violence,A safe place and help if you are exposed to domestic violence or human trafficking.,Et trygt sted og hjelp for deg som er utsatt for vold i nære relasjoner eller menneskehandel.,32,krisesenter (5000) | krisesenter for kvinner (500),vold i nære relasjoner (500) | utsatt for vold (50),,crisis shelter · women's refuge · domestic violence help,krisesenter 5000 · vold i nære relasjoner 500 (behov),no,yes,
bullying_prevention,rettigheter,Hjelp mot mobbing,Help against bullying,Bullying prevention and support for children who are bullied.,Forebygging av mobbing og støtte til barn som blir mobbet.,33,,,,anti-bullying · help for bullied children,ingen målbar søkemengde,no,sensitive,Mobbeforebygging
street_mediation,rettigheter,Nattevandring og gatemegling,Night patrols and street mediation,"Adults who walk the streets in the evening to keep things safe, and mediation when young people end up in conflict.","Voksne som går i gatene om kvelden for trygghet, og megling når unge havner i konflikt.",34,gatemegling (50) | nattevandring (50),,,night patrol · street mediation · youth conflict mediation,nattevandring 50 · gatemegling 50,no,yes,Gatemegling og nattevandring
music_choir,kultur,Kor og korps,Choir and brass band,"Sing in a choir or play in a brass band or music group - for everyone, beginners too.","Syng i kor eller spill i korps og musikkgruppe — for alle, også nybegynnere.",35,hornorkester (50) | musikkgruppe (50) | hornorkesteret (50) | musikkgrupper (50),synge i kor (50),,choir · community choir · brass band · music group,synge i kor 50 · hornorkester 50,no,yes,"Kor, korps og musikk"
creative_crafts,kultur,Strikkekafé og hobbygruppe,Knitting café and craft group,"Knit, sew and make things together with others.","Strikk, sy og lag ting sammen med andre.",36,strikkekafe (500) | hobbygruppe (50) | sy og strikk (50),strikke sammen (50),,knitting group · craft group · sewing circle,strikkekafe 500 · hobbygruppe 50,no,yes,Strikking og kreative grupper
worship_open_church,kultur,Gudstjeneste og åpen kirke,Church services and open church,"Church services, prayer and open churches where you can light a candle or talk to someone.","Gudstjenester, bønn og åpne kirker der du kan tenne et lys eller snakke med noen.",37,gudstjeneste (5000) | gudstjenestelisten (500) | gudstjeneste søndag (500) | åpen kirke (50),tenne lys i kirken (50),,church service · open church · prayer,gudstjeneste 5000 · åpen kirke 50,no,yes,
political_advocacy,samfunn,Politisk påvirkning,Advocacy,"The organisation's work to change laws and policy, and education about humanitarian law.","Organisasjonens arbeid for å endre lover og politikk, og opplysning om humanitær rett.",38,politisk påvirkning (50) | humanitær rett (50) | politisk påvirkningsarbeid (50) | internasjonal humanitær rett (50) | påvirkningsarbeid (50),,,advocacy · campaigning · humanitarian law,politisk påvirkning 50 · påvirkningsarbeid 50 · humanitær rett 50,no,no,
