code,family_code,label_nb,label_nn,label_en,origin,status,search_entry,primary_search_term,primary_band_mid,need_terms,search_terms,volunteer_terms,decision
rescue_corps,beredskap,Hjelpekorps,Hjelpekorps,Rescue corps,atlas22,active,yes,hjelpekorps,50,leteaksjon | søk etter savnet,rødekors hjelpekorps | røde kors hjelpekorps | leteaksjon | hjelpekorpset | søk etter savnet | røde kors hjelpekorps uniform | røde kors hjelpekorps kurs | røde kors hjelpekorps klær,frivillig redningstjeneste,"keep; ""leteaksjon"" is the need-term (100-1K)"
first_aid_standby,beredskap,Sanitetsvakt og beredskapsvakt,Sanitetsvakt og beredskapsvakt,First-aid standby,atlas22,active,no,sanitetsvakt,50,,sanitetsvakt røde kors,,"keep for classification; no search demand (""sanitet"" 100-1K is another meaning)"
first_aid_training,beredskap,Førstehjelpskurs,Førstehjelpskurs,First-aid training,atlas22,active,yes,førstehjelpskurs,5000,,røde kors førstehjelpskurs | hlr kurs | pris førstehjelpskurs | nettbasert førstehjelpskurs | lovpålagt førstehjelpskurs | hlr kurs helsepersonell | hlr kurs gratis | hlr kurs barn,,keep; 1K-10K
crisis_preparedness,beredskap,Omsorgsberedskap,Omsorgsberedskap,Care in a crisis,new,active,no,psykososial støtte,50,,støtte etter krise | omsorgsberedskap | krisehjelp | frivillig beredskap,,keep for classification; every phrasing 10-100 or less
elderly_visiting,sosialt,Besøksvenn og besøkstjeneste,Besøksven og besøksteneste,Visiting friend,atlas22,active,yes,besøksvenn,500,ensomhet | ensom,ensomhet | røde kors besøksvenn | ensom | besøksvenn røde kors | få besøksvenn | frivillig eldreomsorg | frivillig besøksvenn | ensomme eldre,frivillig besøksvenn | bli besøksvenn,"keep; the need-term ""ensomhet"" (1K-10K) is the real entry point"
meeting_place,sosialt,Møteplass og kafé,Møtestad og kafé,Meeting place and café,new,active,yes,treffpunkt,500,ensom og alene,åpen kafe | møteplassen kontakt | møteplass skilt | møteplass | aktiviteter for eldre | åpen kafe søndag | åpen kafe nær meg | treffstedet,,"keep; absorbs women_migrant_network; ""aktiviteter for eldre"", ""åpen kafe"" 100-1K"
volunteer_centre,sosialt,Frivilligsentral,Frivilligsentral,Volunteer centre,new,active,yes,frivilligsentral,500,,frivilligsentralen | vestre aker frivilligsentral | jekken frivilligsentral | frivilligsentral no | frivillighetssentral | byåsen frivilligsentral,,keep; 100-1K
language_practice,inkludering,Språkkafé og norsktrening,Språkkafé og norsktrening,Language café and Norwegian practice,atlas22,active,yes,språkkafe,500,snakke norsk,gratis norskkurs | språkvenn | språktrening barnehage | språktrening barn | språktrening | språkkafé | snakke norsk | norsktrening røde kors,,"keep; spelled without accent; the ""lære norsk gratis"" cluster is the need"
migrant_mentoring,inkludering,Flyktningguide og integreringsvenn,Flyktningguide og integreringsven,Refugee guide and integration friend,atlas22,active,yes,flyktningguide,50,hjelp til flyktninger,flyktninger | asylmottak | røde kors frivillig flyktninger | røde kors flyktningguide | jobbe frivillig flyktninger | hjelp til flyktninger | frivillig flyktninger oslo | frivillig flyktninger,,"keep; ""flyktninger"", ""asylmottak"" (1K-10K) are the entry words"
women_migrant_network,inkludering,Møteplass for innvandrerkvinner,Møtestad for innvandrarkvinner,Meeting place for immigrant women,new,merged into meeting_place,merged,kvinnekafe,0,,,,MERGE into meeting_place - 0 demand for every phrasing
homework_help,barn_unge,Leksehjelp,Leksehjelp,Homework help,atlas22,active,yes,leksehjelp,500,hjelp med matte | hjelp med lekser,røde kors leksehjelp | digital leksehjelp | udir leksehjelp | spansk leksehjelp | sonans leksehjelp | røde kors leksehjelp digital | røde kors digital leksehjelp | privat leksehjelp,frivillig leksehjelp,keep; 100-1K
youth_drop_in,barn_unge,Ungdomsklubb og treffpunkt for ungdom,Ungdomsklubb og treffpunkt for ungdom,Youth drop-in,atlas22,active,yes,fritidsklubb,500,,ungdomsklubb | ungdomskafe | ungdomshus | møteplass for ungdom | lerdal fritidsklubb | hjørnet ungdomskafé | fritidsklubben | brack ungdomsklubb,,keep; fritidsklubb/ungdomsklubb 100-1K
youth_activity_groups,barn_unge,Barne- og ungdomsgrupper,Barne- og ungdomsgrupper,Children's and youth groups,atlas22,active,yes,speider,5000,gratis fritidsaktiviteter | gratis aktiviteter barn,speiding | røff | fritidsaktiviteter barn | 4h norge | 4h gård | www 4h com | speiderne | speidergruppe,,"keep; parents search ""fritidsaktiviteter barn"" (100-1K); ""gratis aktiviteter barn"" 10-100"
holiday_camps_low_income,barn_unge,Ferie for alle,Ferie for alle,Holidays for families with low income,atlas22,active,yes,ferie for alle,500,råd til ferie | gratis ferie,sommerleir | røde kors ferie for alle | ferie for alle røde kors | røde kors ferie for alle østlandet | råd til ferie | gratis sommerleir for barn | gratis ferie | ferie for alle østlandet,,"keep; ""sommerleir"" 100-1K"
family_support,barn_unge,Familiestøtte og familiesenter,Familiestøtte og familiesenter,Family support,atlas22,active,yes,home start,500,,åpen barnehage | familiesenteret | åpen barnehage near me | vennefamilie røde kors | stokka åpen barnehage | salem åpen barnehage | mentorfamilie | home start familiekontakten norge,,"keep; ""åpen barnehage"" 1K-10K, ""familiesenter"""
reading_friend,barn_unge,Lesevenn,Lesevenn,Reading friend,new,active,no,lesevenn,50,lese for barn,lingdys lesevenn | lesevenn app | lesetrening barn | lesestund | leseombud | lesehjelp | lese for barn,,"keep for classification; ""lesehjelp"" 10-100 only"
child_welfare,barn_unge,Barnevern og omsorgstiltak,Barnevern og omsorgstiltak,Child welfare services,new,active,yes,samværssted,0,,fosterhjemsforeningen | bli fosterhjem | barnehjem i norge | tilsyn ved samvær | myrsnipa samværssted | fosterhjem hund | barneverntiltak,bli fosterhjem,"keep; volunteer side ""bli fosterhjem"" 100-1K"
health_information,helse,Helseopplysning og kurs,Helseopplysning og kurs,Health information,atlas22,active,yes,mestringskurs,50,kurs diabetes,helseopplysning | mestringskurs asperger | kurs diabetes | diabeteskurs,,"keep; ""helseopplysning"" 100-1K"
peer_support,helse,Likepersonarbeid,Likepersonsarbeid,Peer support,new,active,yes,likeperson,500,,støttegruppen | støttegruppe | selvhjelpsgrupper | selvhjelpsgruppe | samtalegrupper | samtalegruppe | pårørendestøtte | pårørendegrupper,,keep; 100-1K
dementia_support,helse,Demensvennlig tilbud,Demensvenleg tilbod,Dementia support,new,active,sensitive,demenskoordinator,500,,demensvennlig samfunn | demensforeningen | demensvennlige omgivelser | demensvennlig kommune | demensforeninger | demensforening | demens aktiviteter | bli aktivitetsvenn,bli aktivitetsvenn,"keep; health terms hidden by Google Ads policy (""demens"" returns 0)"
physical_activity,helse,Turgrupper og fysisk aktivitet,Turgrupper og fysisk aktivitet,Walking groups and physical activity,new,active,yes,trening for eldre,500,trimøvelser for eldre | balansetrening eldre,turvenner | turvenn app | tung styrketrening for eldre | trimøvelser for eldre | styrketrening for eldre hjemme | styrketrening for eldre | gåfotball norge | gåfotball,,"keep; ""trening for eldre"", ""trimøvelser for eldre"", ""gåfotball"" 100-1K; ""turgruppe"" only 10-100"
health_services,helse,Lavterskel helsetilbud og behandling,Lågterskel helsetilbod og behandling,Low-threshold health services,new,active,sensitive,gratis lege,50,gratis lege,gatehospitalet | helsesenter for papirløse migranter | helsesenter for papirløse | gratis helsehjelp | gatehospital,,keep; health-help terms hidden by Ads policy
addiction_support,rus_bolig,Hjelp ved rusproblemer,Hjelp ved rusproblem,Addiction support,new,active,sensitive,rusomsorg,50,,rusbehandling | rusproblemer hjelp | rusomsorgen | rusomsorg vest | rusbehandling privat | rusbehandling institusjon | frivillig rusomsorg | frelsesarmeens rusomsorg,frivillig rusomsorg,"keep; ""rusbehandling"" 100-1K; addiction terms partly hidden"
emergency_shelter,rus_bolig,Akuttovernatting,Akuttovernatting,Emergency night shelter,new,active,yes,akuttovernatting,50,sove ute | hjemløs i oslo | har ikke sted å bo,herberge | sovested | sove ute | røde kors akuttovernatting | natthjemmet | natthjem | hjemløs i oslo | har ikke sted å bo,,"keep; ""hospits"", ""herberge"" 100-1K"
housing_outreach,rus_bolig,Bolighjelp og oppsøkende arbeid,Bustadhjelp og oppsøkjande arbeid,Housing help and outreach,atlas22,active,yes,bostedsløs,500,,bostedsløse | bolighjelpen | oppsøkende arbeid | hjemløs | bostedsløse i norge | bostedsløs folkeregisteret | bolighjelp,,keep; 100-1K
food_distribution,rus_bolig,Matutdeling,Matutdeling,Food distribution,atlas22,active,yes,matutdeling,50,matkø | ikke råd til mat | hjelp med mat,matkasser | matsentralen norge | matsentralen | matsentral | matkasse for 1 person | gratis mat | suppekjøkken | røde kors matutdeling,frivillig matsentralen,"keep; ""gratis mat"", ""matsentral"" 100-1K (""matkasse"" is meal kits)"
thrift_shop,rus_bolig,Bruktbutikk,Bruktbutikk,Second-hand shop,atlas22,active,yes,bruktbutikk,50000,billige klær | levere klær,fretex bruktbutikk | gjenbruksbutikk | brukt butikk | ås bruktbutikk | tise bruktbutikk | kontakten bruktbutikk | instituttets bruktbutikk | ikea bruktbutikk,,keep; 10K-100K - the largest activity term in the study
work_inclusion,arbeid,Arbeidstrening og arbeidsinkludering,Arbeidstrening og arbeidsinkludering,Work training and inclusion,new,active,yes,arbeidstrening,500,hjelp til å få jobb,nav arbeidstrening | arbeidstrening nav | arbeidspraksis | arbeidsinkludering | vekst bedrift | nav arbeidstrening bedrift | nav arbeidspraksis | jobbtrening nav,,"keep; ""arbeidstrening nav"" - people search via NAV"
legal_aid,rettigheter,Gratis rettshjelp,Gratis rettshjelp,Free legal aid,new,active,yes,fri rettshjelp,5000,gratis advokat,jusshjelpa | gratis rettshjelp | gratis advokat | gatejuristen | jushjelpa | gratis rettshjelp student | gratis rettshjelp nav | gratis juridisk hjelp for kvinner,,"keep; the official term wins: 1K-10K; ""gratis advokat"" 100-1K"
legal_witness_support,rettigheter,Vitnestøtte,Vitnestøtte,Witness support,atlas22,active,no,vitnestøtte,50,vitne i retten,vitnestøtte røde kors | vitne i rettssak | vitne i retten,,keep for classification; 10-100
prison_reintegration,rettigheter,Nettverk etter soning,Nettverk etter soning,Network after prison,atlas22,active,yes,nettverk etter soning,500,,røde kors nettverk etter soning,,keep; 100-1K
crisis_helpline,rettigheter,Hjelpetelefon og chat,Hjelpetelefon og chat,Helpline and chat,atlas22,active,yes,hjelpetelefon,500,selvmordstanker hjelp,kirkens sos | kors på halsen | kirkens sos telefon | kirkens sos portal | kirkens sos chat | sos hjelpetelefon | selvmordstanker hjelp | psykisk helse hjelpetelefon,frivillig kirkens sos | frivillig hjelpetelefon,"keep; brand ""kirkens sos"" 1K-10K"
crisis_shelter,rettigheter,Krisesenter,Krisesenter,Crisis shelter,atlas22,active,yes,krisesenter,5000,vold i nære relasjoner | utsatt for vold,vold i nære relasjoner | krisesenter for kvinner | utsatt for vold | ressursvenn | erstatning etter vold i nære relasjoner,,"keep; absorbs violence_support; ""vold i nære relasjoner"" 100-1K"
violence_support,rettigheter,Støtte etter vold,Støtte etter vald,Support after violence,new,merged into crisis_shelter,merged,ressursvenn,0,,,,MERGE into crisis_shelter - violence terms hidden by Ads policy; Ressursvenn 10-100
bullying_prevention,rettigheter,Mobbeforebygging,Mobbeførebygging,Bullying prevention,atlas22,active,sensitive,hjelp mot mobbing,0,,mobbeforebygging i et fellesskapsperspektiv nye stemmer i praksis | mobbeforebygging i et fellesskapsperspektiv,,"keep; ""mobbing"" 1K-10K is mostly the topic, not help"
street_mediation,rettigheter,Gatemegling og nattevandring,Gatemekling og nattevandring,Street mediation and night patrols,atlas22,active,yes,natteravnene,500,,nattevandring | natteravnene norge | gatemegling røde kors | gatemegling | frivillig natteravn,frivillig natteravn,"keep; ""natteravn"" is also a bird"
music_choir,kultur,"Kor, korps og musikk","Kor, korps og musikk","Choir, band and music",new,active,yes,kor,0,synge i kor,syng med oss | synge i kor | syng med oss koret | musikkgrupper | musikkgruppe | hornorkesteret | hornorkester,,keep; 1K-10K
creative_crafts,kultur,Strikking og kreative grupper,Strikking og kreative grupper,Knitting and craft groups,new,active,yes,strikkekafe,500,strikke sammen,sy og strikkebui | sy og strikkedilla | sy og strikk | strikke sammen | hobbygruppe,,keep; 100-1K
worship_open_church,kultur,Gudstjeneste og åpen kirke,Gudsteneste og open kyrkje,Worship and open church,new,active,yes,åpen kirke,50,tenne lys i kirken,gudstjeneste | gudstjenestelisten | gudstjeneste søndag | tenne lys i kirken,,"keep; ""gudstjeneste"" 1K-10K"
political_advocacy,samfunn,Politisk påvirkning,Politisk påverknad,Political advocacy,atlas22,active,no,humanitær rett,50,,folkerett | påvirkningsarbeid | politisk påvirkningsarbeid | politisk påvirkning | internasjonal humanitær rett | humanitær hjelp,,"keep for classification; ""menneskerettigheter"" 1K-10K is schoolwork, not NGO activity"
