source_id,code,meaning,value_format,notes
brreg-enheter-alle,organisasjonsnummer,"The organisation's nine-digit national identifier, and the table's primary key","9 digits, leading zeros significant — always text, never a number","Stable for the life of the organisation and retained after deletion from the register, which is why it is a safe join key and why the change feed can address a row that no longer has a live entity behind it. Storing it as an integer loses leading zeros; several real orgnr begin with 0."
brreg-enheter-alle,doc,The upstream Enhet object exactly as Brreg published it,"jsonb object, ~30 top-level keys, several nested","Not flattened and not indexed. Contains navn, organisasjonsform, forretningsadresse, naeringskode1..3, registreringsdatoEnhetsregisteret, konkurs / underAvvikling flags and more. A GIN index over it was measured at +42% storage (~0.8 GB) for an access pattern nothing uses — see the migration header. Read fields through dbt models, not through jsonb paths in ad-hoc SQL."
brreg-enheter-alle,snapshot_file_date,The date of the bulk file this row was loaded from,"date, or null when the download sent no Last-Modified","Provenance of the transfer, not of the organisation. The organisation's own registration and update dates live inside doc. Null is honest — a guessed date would be worse than an absent one."
brreg-enheter-alle,loaded_at,When Atlas last wrote this row,timestamptz,"Updated by every upsert, so it tracks Atlas's load rather than any upstream event. A row whose loaded_at is older than the newest snapshot means the bootstrap did not reach it, not that the organisation is stale."
brreg-frivillige,organisasjonsnummer,"The organisation's nine-digit identifier, and the join key to Enhetsregisteret","9 digits, leading zeros significant — always text",Also the pagination key: this API walks by `searchAfter=<last organisasjonsnummer>` rather than by page number.
brreg-frivillige,icnpo_nummer,Primary ICNPO code as the organisation classified itself,"4-digit string, e.g. ""9100""","🟢 Taken from `icnpoKategorier` at `rekkefoelge` 1, not array position 0 — the array is not guaranteed sorted and taking the first element would silently promote a secondary classification. The registrant's own classification is better evidence than one derived from a NACE industry code, which is the route available for organisations NOT in this register."
brreg-frivillige,icnpo_kategori,Primary ICNPO category label,e.g. ICNPOKategori.internasjonaleOrganisasjoner,Paired with icnpo_nummer from the same array element. Null when the organisation declares none.
brreg-frivillige,doc,The upstream record exactly as Brreg published it,jsonb object,"Holds frivilligOrganisasjonsstatus, kontonummer, innfoertDato, foersteGangInnfoert, grasrotandel, regnskapsrapportering, vedtekter, paategninger and the complete icnpoKategorier array including any secondary categories the typed columns do not carry."
brreg-oppdateringer,oppdateringsid,"Brreg's monotonic change identifier, and the cursor the feed is walked by","bigint, sparse","🔴 Sparse, and that matters. The id space runs to ~25.18M against ~16.4M records, so the gap between two ids is NOT the number of changes between them — asking for id 16,417,000 returns a first record of 16,427,801. Never compute a backlog by subtracting ids; read `page.totalElements` at the cursor, which is a correct remaining-record count."
brreg-oppdateringer,endringstype,What kind of change Brreg recorded,"Ny, Endring, Sletting, Fjernet or Ukjent","All five occur and all five are handled. `Sletting` is the deletion in current traffic; `Fjernet` is real but concentrated in older eras (23 of 500 at oppdateringsid 16,400,000, and absent from the 2026-09-11 daily sample); `Ukjent` is the entire pre-2018-08 history and must never delete anything. Stored verbatim and not constrained to an enum — a sixth value must land and be counted, not rejected at the door."
brreg-oppdateringer,organisasjonsnummer,The organisation the change is about,"9 digits, leading zeros significant — always text","Joins to raw.brreg_enheter_snapshot. Retained after deletion, which is what lets a tombstone address a row that no longer has a live entity behind it."
brreg-oppdateringer,doc,The organisation's document as it stood when the change was received,"jsonb, or null when the entity fetch failed","⚠️ For a `Sletting` this is Brreg's SIX-KEY STUB, not a full record — a deleted organisation still answers HTTP 200 with `slettedato` set. Branch on endringstype; never assume doc is a complete Enhet, and never detect deletion from a status code."
brreg-oppdateringer,process_status,What Atlas did with the change,"applied, tombstoned or skipped_unknown","Derived from endringstype at load time. `skipped_unknown` covers both `Ukjent` and any future sixth value, deliberately — the run counts and surfaces them rather than guessing an action."
brreg-underenheter,organisasjonsnummer,"The sub-unit's own nine-digit national identifier, and the table's primary key","9 digits, leading zeros significant — always text, never a number","Distinct from the parent's organisasjonsnummer, which lives inside doc as overordnetEnhet (a plain string field, verified live 2026-10-04 — not a nested object carrying its own organisasjonsnummer key). Stable for the life of the sub-unit and retained after deletion."
brreg-underenheter,doc,The upstream Underenhet object exactly as Brreg published it,jsonb object,"Not flattened and not indexed, for the same measured reason as brreg_enheter_snapshot.doc. Contains navn, organisasjonsform, overordnetEnhet, beliggenhetsadresse, naeringskode1, oppstartsdato, nedleggelsesdato and more."
brreg-underenheter,snapshot_file_date,The date of the bulk file this row was loaded from,"date, or null when the download sent no Last-Modified","Provenance of the transfer, not of the sub-unit."
brreg-underenheter,loaded_at,When Atlas last wrote this row,timestamptz,"Updated by every upsert, so it tracks Atlas's load rather than any upstream event."
brreg-underenheter-oppdateringer,oppdateringsid,"Brreg's monotonic change identifier for the underenheter feed, and the cursor it is walked by","bigint, sparse","🔴 Its own id space, not comparable to the enheter feed's oppdateringsid — a real bootstrap run against live data on 2026-10-04 seeded this feed's watermark at 21,390,729, an entirely separate counter from enheter's own. Sparse like the enheter feed's; never compute a backlog by subtracting ids, read page.totalElements at the cursor."
brreg-underenheter-oppdateringer,endringstype,What kind of change Brreg recorded,"Ny, Endring, Sletting, Fjernet or Ukjent","Same five values as the enheter feed. Ny, Endring and Sletting all confirmed in a live 2026-10-04 sample at the current cursor. Stored verbatim and not constrained to an enum — a sixth value must land and be counted, not rejected at the door."
brreg-underenheter-oppdateringer,organisasjonsnummer,The sub-unit the change is about,"9 digits, leading zeros significant — always text",Joins to raw.brreg_underenheter_snapshot. Retained after deletion.
brreg-underenheter-oppdateringer,doc,The sub-unit's document as it stood when the change was received,"jsonb, or null when the entity fetch failed","⚠️ For a Sletting/Fjernet this is NOT a full record, and it is not even consistently a stub. Confirmed live 2026-10-04: a Sletting (organisasjonsnummer 920045154) answers HTTP 200 with a 6-key stub (respons_klasse ""SlettetUnderEnhet"", slettedato set); a Fjernet (organisasjonsnummer 934464524) answers HTTP 410 with an even more minimal 3-key body and is stored here as NULL. Branch on endringstype; never assume doc is complete or present, never detect deletion from a status code."
brreg-underenheter-oppdateringer,process_status,What Atlas did with the change,"applied, tombstoned or skipped_unknown",Derived from endringstype at load time.
bufdir-barnefattigdom,indicator_api_id,Stable surrogate indicator key for ZIP workbook rows (not Strapi),bf_zip_<24 lowercase hex>,Derived as SHA-256 fingerprint of the `Indikator_*.xlsx` filename stem; breaks if Bufdir renames workbook files inside the ZIP.
bufdir-barnefattigdom,region_code,Geographic code from workbook column Region,"0 (land), 2-digit fylke, 4-digit kommune, or longer codes for bydel/delbydel",Rows follow whatever geography levels each indicator publishes.
bufdir-barnefattigdom,category_unit,"Workbook column Enhet (first category axis), normalised lowercase",barn or husholdning,Mirrors the paired rows in each Data sheet for child vs household units.
bufdir-barnefattigdom,category_format,"Workbook column Tallformat (second category axis), normalised lowercase",antall or prosent,Paired with category_unit — four tuples per workbook × geography when all rows exist upstream.
bufdir-barnefattigdom,year,Calendar year column from workbook header row,4-digit integer,Spines differ by indicator — see values_json for the full year map before filtering NAs.
bufdir-barnefattigdom,values_json,Parsed year→value map for the geography and Enhet/Tallformat tuple,JSON object with string year keys; suppressed cells as null,Matches prior raw semantics (full spine per slice); mart reads scalar `value` for the keyed year row.
bufdir-barnevern,indicator_api_id,Stable surrogate indicator key for ZIP workbook rows (not Strapi),"bv_zip_ind_<code> (e.g. bv_zip_ind_1a), or bv_zip_<24 lowercase hex> fallback","Derived from the workbook filename's leading alphanumeric code (1a, 3m, 4f, ...) — Barnevern's indicator codes are alphanumeric, never purely numeric like the sibling Barnefattigdom source's Indikator_<n>. Hash fallback for any non-conforming filename."
bufdir-barnevern,region_code,Geographic code from workbook column Region,"0 (land), 2-digit fylke, 4-digit kommune, or 6-digit codes for bydel rows",Rows follow whatever geography levels each indicator publishes.
bufdir-barnevern,category_format,"Workbook column Tallformat, normalised lowercase",antall or andel,"Barnevern's own vocabulary — ""andel"" (share), not the sibling Barnefattigdom source's ""prosent"", verified live 2026-10-01 across all 23 standard workbooks. Despite the name, ""andel"" values are not all 0-100 percentages (e.g. kroner-per-child expenditure figures also use it) — treat it as ""Norwegian-decimal formatted"", not ""is a percentage"". Also: Barnevern's workbooks have no Enhet column (unlike the sibling Barnefattigdom source) — there is no category_unit dimension here."
bufdir-barnevern,year,Calendar year column from workbook header row,4-digit integer,Spines differ by indicator — observed range 2015-2025 across sampled workbooks.
bufdir-barnevern,values_json,Parsed year→value map for the geography and category_format slice,JSON object with string year keys; suppressed cells as null,Matches the sibling source's raw semantics (full spine per slice).
fhi-alkohol,GEO,Region (mixed kommune / fylke / bydel / nasjon),1- to 6-character numeric code,~409 codes
fhi-alkohol,AAR,Year,"""YYYY_YYYY"" range string (single-year)","14 single-year periods, 2012–2025"
fhi-alkohol,KJONN,Sex,3 codes,"""0"" both, ""1"" men, ""2"" women"
fhi-alkohol,ALDER,Age band (Ungdata cohort grouping),1 code (degenerate),"Always ""1_6"" — Ungdata survey-cohort identifier (same as fhi-livskvalitet, fhi-depresjon, fhi-fortrolig-venn). Verify against Ungdata methodology."
fhi-alkohol,ANTALL_GANGER,Frequency band — number of times the behaviour occurred,1 code (degenerate),"Always ""engangellerflere"" (one-or-more uses in the past year). Higher value = more youth report alcohol use = worse from a public-health framing (risk direction)."
fhi-alkohol,SOES,Socioeconomic status,1 code (degenerate),"Always ""0"" — combined socioeconomic statuses (no breakdown in this slice)."
fhi-alkohol,MEASURE_TYPE,Which number,2 codes,"SMR (standardised ratio vs national), MEIS (FHI mean / smoothed indicator). No TELLER / RATE — Ungdata is sample-based."
fhi-befolkning,GEO,Region (mixed kommune / fylke / bydel / nasjon),1- to 6-character numeric code,"~409 codes — 0 (national), 2-digit fylke, 4-digit kommune, 6-digit bydel"
fhi-befolkning,AAR,Year,"""YYYY_YYYY"" range string (single-year)","36 single-year periods, 1990–2025"
fhi-befolkning,KJONN,Sex,3 codes,"""0"" both, ""1"" men, ""2"" women"
fhi-befolkning,ALDER,Age band,"""min_max"" range string","35 bands. Includes overlapping aggregates (0_120 = everyone) and disjoint slices (0_4, 5_14, 0_17, etc.); pick a single non-overlapping partition downstream."
fhi-befolkning,MEASURE_TYPE,Which number,3 codes upstream; Atlas filters to 1,TELLER (count) only — RATE / SMR are derivable downstream from these counts.
fhi-befolkningsvekst,GEO,Region (mixed kommune / fylke / bydel / nasjon),1- to 6-character numeric code,~409 codes
fhi-befolkningsvekst,AAR,Year,"""YYYY_YYYY"" range string (single-year)","23 single-year periods, 2002–2024"
fhi-befolkningsvekst,KJONN,Sex,1 code (degenerate),"Always ""0"" (both) — table is whole-population only"
fhi-befolkningsvekst,ALDER,Age band,1 code (degenerate),"Always ""0_120"" (everyone) — table is whole-population only"
fhi-befolkningsvekst,MEASURE_TYPE,Which number,2 codes,"TELLER (absolute change in resident count vs prior year), RATE (percent growth). Verify exact FHI semantics before labelling as a headline indicator."
fhi-bor-alene,GEO,Region (mixed kommune / fylke / bydel / nasjon),1- to 6-character numeric code,"0 (national), 03 (Oslo fylke), 0301 (Oslo kommune), 030101 (bydel)"
fhi-bor-alene,AAR,Year or period,"""YYYY_YYYY"" range string","2025_2025 for single-year, 2023_2025 for 3-year averages"
fhi-bor-alene,ALDER,Age band,"""min_max"" range string","16_120 (all adults 16+), 16_29, 65_74, 75_84, 85_120"
fhi-bor-alene,MEASURE_TYPE,Which number,3 codes,"RATE (percent), SMR (standardised ratio vs national), TELLER (absolute count)"
fhi-depresjon,GEO,Region (mixed kommune / fylke / bydel / nasjon),1- to 6-character numeric code,~409 codes
fhi-depresjon,AAR,Year,"""YYYY_YYYY"" range string (single-year)",14 single-year periods upstream (2012–2025); Atlas pulls latest 4 to fit cell budget
fhi-depresjon,KJONN,Sex,3 codes,"""0"" both, ""1"" men, ""2"" women — girls report markedly higher rates of depressive symptoms"
fhi-depresjon,ALDER,Age band (Ungdata cohort grouping),1 code (degenerate),"Always ""1_6"" — Ungdata survey-cohort identifier (same as fhi-livskvalitet). Verify against Ungdata methodology."
fhi-depresjon,DEPRESJON,Depression-symptom response,1 code (degenerate),"Always ""Ja"" — yes-respondents only. The value is the share reaching the symptomatic threshold."
fhi-depresjon,SOES,Socioeconomic status,4 codes,"""0"" combined + ""1""/""2""/""3"" specific levels (typically low/middle/high family SES). Verify against Ungdata methodology."
fhi-depresjon,MEASURE_TYPE,Which number,2 codes,"SMR (standardised ratio vs national), MEIS (FHI mean / smoothed indicator). No TELLER / RATE — Ungdata is sample-based."
fhi-fortrolig-venn,GEO,Region (mixed kommune / fylke / bydel / nasjon),1- to 6-character numeric code,~409 codes
fhi-fortrolig-venn,AAR,Year,"""YYYY_YYYY"" range string (single-year)","14 single-year periods, 2012–2025"
fhi-fortrolig-venn,KJONN,Sex,3 codes,"""0"" both, ""1"" men, ""2"" women — girls historically report higher confiding-friend rates than boys"
fhi-fortrolig-venn,ALDER,Age band (Ungdata cohort grouping),1 code (degenerate),"Always ""1_6"" — Ungdata survey-cohort identifier (same as fhi-livskvalitet, fhi-depresjon, fhi-smertestillende). Verify against Ungdata methodology."
fhi-fortrolig-venn,HARVENN,Has-confiding-friend response,1 code (degenerate),"Always ""Jatrorellerheltsikker"" (affirmative — ""yes, I think so or definitely""). The value is the share answering yes; higher = more youth report having a close friend = better outcome (protective direction)."
fhi-fortrolig-venn,SOES,Socioeconomic status,1 code (degenerate),"Always ""0"" — combined socioeconomic statuses (no breakdown in this slice)."
fhi-fortrolig-venn,MEASURE_TYPE,Which number,2 codes,"SMR (standardised ratio vs national), MEIS (FHI mean / smoothed indicator). No TELLER / RATE — Ungdata is sample-based."
fhi-hasj,GEO,Region (mixed kommune / fylke / bydel / nasjon),1- to 6-character numeric code,~409 codes
fhi-hasj,AAR,Year,"""YYYY_YYYY"" range string (single-year)","14 single-year periods, 2012–2025"
fhi-hasj,KJONN,Sex,3 codes,"""0"" both, ""1"" men, ""2"" women"
fhi-hasj,ALDER,Age band (Ungdata cohort grouping),1 code (degenerate),"Always ""1_6"" — Ungdata survey-cohort identifier (same as fhi-alkohol). Verify against Ungdata methodology."
fhi-hasj,ANTALL_GANGER,Frequency band — number of times the behaviour occurred,1 code (degenerate),"Always ""engangellerflere"" (one-or-more uses in the past year). Higher value = more youth report cannabis use = worse from a public-health framing (risk direction)."
fhi-hasj,SOES,Socioeconomic status,1 code (degenerate),"Always ""0"" — combined socioeconomic statuses (no breakdown in this slice)."
fhi-hasj,MEASURE_TYPE,Which number,2 codes,"SMR (standardised ratio vs national), MEIS (FHI mean / smoothed indicator). No TELLER / RATE — Ungdata is sample-based. Suppression heavier than fhi-alkohol because cannabis prevalence at this cohort is lower."
fhi-innvandrere,GEO,Region (mixed kommune / fylke / bydel / nasjon),1- to 6-character numeric code,~409 codes
fhi-innvandrere,AAR,Year,"""YYYY_YYYY"" range string (single-year)","23 single-year periods, 2003–2025"
fhi-innvandrere,ALDER,Age band,"""min_max"" range string","10 bands. Includes 0_120 (everyone) plus disjoint slices 0_17, 18_29, 30_44, 45_64, 45_120, etc."
fhi-innvandrere,LANDBAK,Country background grouping,8 codes,"Codes spanning Norway-born and immigrant origin regions (Europe / Asia / Africa / Oceania / etc.) plus aggregates. Codes are not human-readable on their own — verify against FHI's dimension reference. Common: 100 ≈ no immigrant background, 456 = aggregate group."
fhi-innvandrere,MEASURE_TYPE,Which number,3 codes upstream; Atlas filters to 1,TELLER (count) only — RATE / SMR are derivable downstream from these counts.
fhi-innvkat,GEO,Region (mixed kommune / fylke / bydel / nasjon),1- to 6-character numeric code,~409 codes
fhi-innvkat,AAR,Year,"""YYYY_YYYY"" range string (single-year)","23 single-year periods, 2003–2025"
fhi-innvkat,ALDER,Age band,"""min_max"" range string","10 bands. Includes 0_120 (everyone) plus disjoint slices 0_29, 30_44, 45_64, 65_79, 80_120, etc."
fhi-innvkat,INNVKAT,Immigrant category,3 codes,"""2"" innvandrere (1st-gen), ""3"" norskfødte med innvandrerforeldre (2nd-gen), ""23"" combined (sum of 2 + 3 — exclude from disjoint-category sums)"
fhi-innvkat,LANDBAK,Country background grouping,1 code,"Always ""0"" for this table — origin region is collapsed. Use fhi-innvandrere (table 175) for origin-region resolution."
fhi-innvkat,MEASURE_TYPE,Which number,3 codes,"TELLER (count), RATE (percent), SMR (standardised ratio vs national)"
fhi-kpr-1aar,GEO,Region (national / fylke / kommune — no bydel resolution),1- to 4-character numeric code,~373 codes — narrower than other FHI tables which include bydeler
fhi-kpr-1aar,AAR,Year,"""YYYY_YYYY"" range string (single-year despite the range form)",8 single-year periods upstream (2017–2024); Atlas pulls latest 1
fhi-kpr-1aar,KJONN,Sex,3 codes upstream; Atlas filters to 1,"""0"" combined (only value Atlas ingests). Sex-stratified analysis would need a sibling source."
fhi-kpr-1aar,ALDER,Age band,"""min_max"" range string","10 bands incl. 0_74 aggregate, 15_24, 25_44, 45_74 disjoint slices"
fhi-kpr-1aar,KODEGRUPPE,ICPC-2 code-group identifier (primary-care diagnoses / symptoms),11 code-range strings,"P01_P29 (psych symptoms), P70_P99 (psych diagnoses), P01_P29ogP70_P99 (combined chapter P — exclude from disjoint sums), K70_K99 (cardiovascular), L01_L29 / L70_L99 (musculoskeletal), Skader (injuries), plus specific symptom clusters."
fhi-kpr-1aar,MEASURE_TYPE,Which number,4 codes upstream; Atlas filters to 1,RATE (per-1000 contact rate — only value Atlas ingests). TELLER / SMR / MEIS available upstream.
fhi-livskvalitet,GEO,Region (mixed kommune / fylke / bydel / nasjon),1- to 6-character numeric code,~409 codes
fhi-livskvalitet,AAR,Year,"""YYYY_YYYY"" range string (single-year)","5 single-year periods, 2021–2025"
fhi-livskvalitet,KJONN,Sex,3 codes,"""0"" both, ""1"" men, ""2"" women"
fhi-livskvalitet,ALDER,Age band (Ungdata cohort grouping),1 code (degenerate),"Always ""1_6"" — likely an Ungdata survey-cohort identifier rather than literal ages 1-6. Verify against Ungdata methodology."
fhi-livskvalitet,LIVSKVALITET,Quality-of-life score band,1 code (degenerate),"Always ""8_10"" — share of respondents reporting high quality of life (8–10 on a 0–10 self-report scale)."
fhi-livskvalitet,SOES,Socioeconomic status,1 code (degenerate),"Always ""0"" — combined socioeconomic statuses (no breakdown in this slice)."
fhi-livskvalitet,MEASURE_TYPE,Which number,2 codes,"SMR (standardised ratio vs national), MEIS (FHI mean / smoothed indicator). No TELLER / RATE — Ungdata is sample-based, not an enumeration."
fhi-mediebruk-some,GEO,Region (mixed kommune / fylke / bydel / nasjon),1- to 6-character numeric code,~409 codes
fhi-mediebruk-some,AAR,Year,"""YYYY_YYYY"" range string (single-year)","11 single-year periods, 2015–2025"
fhi-mediebruk-some,KJONN,Sex,3 codes,"""0"" both, ""1"" men, ""2"" women — girls report markedly higher >3h/day social-media use than boys; composites must orient by KJONN slice or risk masking the gap"
fhi-mediebruk-some,ALDER,Age band (Ungdata cohort grouping),1 code (degenerate),"Always ""1_6"" — Ungdata survey-cohort identifier. Verify against Ungdata methodology."
fhi-mediebruk-some,MEDIEBRUK,Media-use frequency band,1 code (degenerate),"Always ""Merenn3timer"" (more than 3 hours per day). The value is the share reaching the threshold — risk direction."
fhi-mediebruk-some,SOES,Socioeconomic status,1 code (degenerate),"Always ""0"" — combined SES."
fhi-mediebruk-some,MEASURE_TYPE,Which number,2 codes,"SMR (standardised ratio vs national), MEIS (FHI mean / smoothed indicator). No TELLER / RATE — Ungdata is sample-based."
fhi-mediebruk-spill,GEO,Region (mixed kommune / fylke / bydel / nasjon),1- to 6-character numeric code,~409 codes
fhi-mediebruk-spill,AAR,Year,"""YYYY_YYYY"" range string (single-year)","13 single-year periods, 2013–2025"
fhi-mediebruk-spill,KJONN,Sex,3 codes,"""0"" both, ""1"" men, ""2"" women — boys historically report higher >3h/day TV+gaming use than girls"
fhi-mediebruk-spill,ALDER,Age band (Ungdata cohort grouping),1 code (degenerate),"Always ""1_6"" — Ungdata survey-cohort identifier (same as the other Ungdata sources). Verify against Ungdata methodology."
fhi-mediebruk-spill,MEDIEBRUK,Media-use frequency band,1 code (degenerate),"Always ""Merenn3timer"" (more than 3 hours per day). The value is the share reaching the threshold — risk direction."
fhi-mediebruk-spill,SOES,Socioeconomic status,1 code (degenerate),"Always ""0"" — combined SES (no breakdown in this slice)."
fhi-mediebruk-spill,MEASURE_TYPE,Which number,2 codes,"SMR (standardised ratio vs national), MEIS (FHI mean / smoothed indicator). No TELLER / RATE — Ungdata is sample-based."
fhi-mediebruk-underhold,GEO,Region (mixed kommune / fylke / bydel / nasjon),1- to 6-character numeric code,~409 codes
fhi-mediebruk-underhold,AAR,Year,"""YYYY_YYYY"" range string (single-year)","8 single-year periods, 2018–2025 (shorter series than the other two media tables — streaming was a newer category)"
fhi-mediebruk-underhold,KJONN,Sex,3 codes,"""0"" both, ""1"" men, ""2"" women"
fhi-mediebruk-underhold,ALDER,Age band (Ungdata cohort grouping),1 code (degenerate),"Always ""1_6"" — Ungdata survey-cohort identifier. Verify against Ungdata methodology."
fhi-mediebruk-underhold,MEDIEBRUK,Media-use frequency band,1 code (degenerate),"Always ""Merenn3timer"" (more than 3 hours per day). The value is the share reaching the threshold — risk direction (though weaker mental-health-outcome correlation than the SOME social-media table)."
fhi-mediebruk-underhold,SOES,Socioeconomic status,1 code (degenerate),"Always ""0"" — combined SES."
fhi-mediebruk-underhold,MEASURE_TYPE,Which number,2 codes,"SMR (standardised ratio vs national), MEIS (FHI mean / smoothed indicator). No TELLER / RATE — Ungdata is sample-based."
fhi-mobbing,GEO,Region (mixed kommune / fylke / bydel / nasjon),1- to 6-character numeric code,~409 codes
fhi-mobbing,AAR,3-year rolling period,"""YYYY_YYYY"" range string","7 periods, e.g. 2016_2018 through 2022_2024"
fhi-mobbing,KJONN,Sex,1 code,"""0"" (both sexes only — table is sex-aggregated)"
fhi-mobbing,TRINN,School grade,2 codes,"""7"" (7th grade), ""10"" (10th grade)"
fhi-mobbing,SPM_ID,Question id (bullying composite),1 code,Single composite question only
fhi-mobbing,MEASURE_TYPE,Which number,3 codes,"SMR (standardised ratio), MEIS (?), RATE (percent)"
fhi-neet,GEO,Region (mixed kommune / fylke / bydel / nasjon),1- to 6-character numeric code,~409 codes
fhi-neet,AAR,Year,"""YYYY_YYYY"" range string (single-year)","17 single-year periods, 2008–2024"
fhi-neet,KJONN,Sex,3 codes upstream; Atlas filters to 1,"""0"" both (Atlas only ingests this), ""1"" men, ""2"" women — re-ingest if a sex-stratified slice is needed"
fhi-neet,ALDER,Age band,"""min_max"" range string","14 bands — includes the canonical NEET span 15_29 and finer slices 15_19, 20_24, 25_29; pick a single non-overlapping partition downstream"
fhi-neet,UTDANN,Parents' education level (NOT the youth's own),5 codes,"0 (all), 1 (grunnskole), 2 (videregående), 3 (høgskole/uni kort), 4 (høgskole/uni lang). Reflects socioeconomic context — children of higher-educated parents have markedly lower NEET rates."
fhi-neet,MEASURE_TYPE,Which number,4 codes upstream; Atlas filters to 1,"RATE (percent — Atlas keeps only this), TELLER, MEIS, SMR are derivable downstream"
fhi-prognose,GEO,Region (mixed kommune / fylke / bydel / nasjon),1- to 6-character numeric code,~409 codes
fhi-prognose,AAR,Base year of the projection (anchor year),"""YYYY_YYYY"" range string",The year the forecast is anchored on — *not* the year being projected. PROGNOSEAAR is the target.
fhi-prognose,KJONN,Sex,3 codes upstream; Atlas filters to 1,"""0"" both (Atlas only ingests this) — re-ingest for sex-stratified slice"
fhi-prognose,ALDER,Age band,"""min_max"" range string","31 codes — includes the universal 0_120, 5-year disjoint slices (0_4, 5_9, …, 100_120), and aggregates (0_17, 45_64, 80_120). Pick a single non-overlapping partition downstream."
fhi-prognose,PROGNOSEAAR,Year being projected to (target year),4-digit year as text,"26 codes upstream (per-year out to ~2050+). Atlas keeps 3 horizons: 2030, 2040, 2050. Add intermediate years as a sibling source if 5-year resolution is needed."
fhi-prognose,MEASURE_TYPE,Which number,3 codes upstream; Atlas filters to 1,TELLER (count) only — RATE / SMR are derivable downstream from these counts.
fhi-selvmord,GEO,Region (mixed kommune / fylke / bydel / nasjon),1- to 6-character numeric code,~409 codes
fhi-selvmord,AAR,5-year rolling window (year-of-death),"""YYYY1_YYYY5"" 5-year period label","31 rolling windows upstream, from 1990–1994 to ~2020–2024. Atlas pulls latest 3."
fhi-selvmord,KJONN,Sex,3 codes,"""0"" both, ""1"" men, ""2"" women — male suicide rates are markedly higher than female"
fhi-selvmord,ALDER,Age band,"""min_max"" range string","13 bands incl. 0_120 aggregate, 0_74, 15_24 (youth), 25_44, 45_74, 75+, etc."
fhi-selvmord,AARSAK,Cause of death,1 code (degenerate),"Always ""SELVMORD"" — table is pre-filtered to suicide. Stored for shape consistency with the wider FHI cause-of-death tables 342 / 343."
fhi-selvmord,MEASURE_TYPE,Which number,4 codes upstream; Atlas filters to 1,MEIS only (FHI's smoothed indicator that pools across geography to stabilise small-area estimates). Raw RATE / TELLER / SMR available upstream for analyses where pooling is inappropriate.
fhi-smertestillende,GEO,Region (mixed kommune / fylke / bydel / nasjon),1- to 6-character numeric code,~409 codes
fhi-smertestillende,AAR,Year,"""YYYY_YYYY"" range string (single-year)","12 single-year periods, 2014–2025"
fhi-smertestillende,KJONN,Sex,3 codes,"""0"" both, ""1"" men, ""2"" women — girls report higher painkiller use than boys"
fhi-smertestillende,ALDER,Age band (Ungdata cohort grouping),1 code (degenerate),"Always ""1_6"" — Ungdata survey-cohort identifier (same as fhi-livskvalitet, fhi-depresjon). Verify against Ungdata methodology."
fhi-smertestillende,STATUS,Painkiller-use frequency band,1 code (degenerate),"Always ""Minst_ukentlig"" (at-least-weekly use) — table reports the share reaching this frequency."
fhi-smertestillende,SOES,Socioeconomic status,1 code (degenerate),"Always ""0"" — combined socioeconomic statuses (no breakdown in this slice)."
fhi-smertestillende,MEASURE_TYPE,Which number,2 codes,"SMR (standardised ratio vs national), MEIS (FHI mean / smoothed indicator). No TELLER / RATE — Ungdata is sample-based."
fhi-trangbodd,GEO,Region (mixed kommune / fylke / bydel / nasjon),1- to 6-character numeric code,~409 codes
fhi-trangbodd,AAR,Year,"""YYYY_YYYY"" range string (single-year)","10 years, 2015_2015 through 2024_2024"
fhi-trangbodd,ALDER,Age band,text band code,9 age bands
fhi-trangbodd,UTDANN,Education level,5 codes,"""0"" (all education levels) + ""1""–""4"" (specific levels). Atlas filters to ""0"" at ingest to stay under the 50k-row cap."
fhi-trangbodd,BODD,Housing crowding status,2 codes,"trangt (overcrowded), uoppgitt (unknown)"
fhi-trangbodd,MEASURE_TYPE,Which number,3 codes,"RATE (percent — Atlas keeps only this), SMR (standardised ratio), TELLER (count)"
fhi-vgs-gjennomforing,GEO,Region (mixed kommune / fylke / bydel / nasjon),1- to 6-character numeric code,~409 codes
fhi-vgs-gjennomforing,AAR,3-year rolling cohort,"""YYYY_YYYY"" range string",11 cohorts
fhi-vgs-gjennomforing,KJONN,Sex,3 codes,"""0"" both, ""1"" men, ""2"" women"
fhi-vgs-gjennomforing,UTDANN,Parents' education level,5 codes,Highest parental education at child's birth — proxy for socioeconomic context
fhi-vgs-gjennomforing,INNVKAT,Immigration category,1 code,Single category (collapsed in this slice)
fhi-vgs-gjennomforing,MEASURE_TYPE,Which number,4 codes,"TELLER (count), RATE (completion %), SMR (standardised ratio), MEIS"
husbanken-bostotte,region_code,"Kommune code, read directly from the hypercube's `KommuneNr` dimension",4-digit code (SSB standard) — not always a real kommune,"⚠️ Confirmed live 2026-10-02, matching the exact lesson udir-gsi learned: Svalbard's two pseudo-codes (`2100`, `2111`) are present among Husbanken's 883 distinct `KommuneNr` values, always carrying real zero values for every measure (not suppressed — Husbanken's bostøtte programme genuinely administers no Svalbard cases). Named `region_code`, not `kommune_nr`, for this reason; `kommune_nr` resolution happens downstream via this project's existing `classify_region_code`/`region_code_to_kommune_nr` dbt macros. ⚠️ Also confirmed live: `KommuneNr` carries Oslo's 15 bydeler (plus one discontinued pre-2004 one) as 4-digit codes `0311`-`0326`, named via Husbanken's own Qlik app (e.g. `0311` = ""Gamle Oslo""). This is a second, incompatible bydel numbering from the 6-digit convention FHI's sources use for the same districts — `classify_region_code` now recognises both."
husbanken-bostotte,year,"Calendar year, read from the hypercube's `År` dimension",4-digit year,"⚠️ Confirmed live: the underlying source records at DAILY grain (31 distinct `Dato` values checked for a single January) — an earlier investigation wrongly assumed annual grain. Atlas publishes at annual grain as its own choice (matching this source's sibling indicators and PLAN-011's recommendation), not because the source is coarser than that. ⚠️ Also confirmed live: a real null-year bucket exists in Husbanken's own data (`År` as the literal text `-`), seen both nationally and per-kommune (e.g. Svalbard code 2111). These rows are dropped during parsing, not fabricated into a fake year — see parse.ts."
husbanken-bostotte,measure,Which bostøtte figure this row's value is — not a format variant,soknad | vedtak | utbetaling | avslag | belop,"Five measures: application count, decision count, payout count, rejection count, and the paid kroner amount. Named via explicit `qLabel`s set on the Qlik request (`soknad`/`vedtak`/ `utbetaling`/`avslag`/`belop`) — without a `qLabel`, Qlik echoes the raw expression string (e.g. `Sum(BostøtteSøknadTeller)`) instead, confirmed live."
husbanken-bostotte,value,The measure's numeric value for this kommune and year,"Integer count, or kroner for the `belop` measure; no suppression marker found","Checked live against Røyrvik (kommune 5043, Norway's smallest by bostøtte volume) — every cell is a real number, not a suppression placeholder. No suppression convention was found anywhere in this dataset during Phase 1/2 research."
imdi-bosetting,kommune_name,"Kommune name, verbatim from the workbook row label — IMDi publishes no kommune code",Norwegian kommune name as IMDi spells it,"No upstream code exists to carry; kommune_nr is resolved downstream via crosswalk_kommune_name on name alone. IMDi's own fylke groupings are not stable across the years this source covers (pre- vs post-2024-reform names), so fylke is deliberately not captured as a column here — see PLAN-009-imdi-bosetting.md Phase 1.5."
imdi-bosetting,metric,"Which stage of the resettlement pipeline this row's value is, not a format variant",anmodet | vedtatt | bosatte | bosatte_kollektiv_beskyttelse | avtalt | avtalt_kollektiv_beskyttelse,"Six genuinely distinct quantities (requested, decided, settled, settled-under-collective- protection, agreed, agreed-under-collective-protection), not a count/share pair — named `metric`, not `category_format`, to avoid implying they're format variants of one indicator the way the Bufdir/NAV sources' format columns are. The last two (""avtalt"" / agreed) are not present for every kommune-year: verified live 2026-10-01, IMDi piloted them on Oslo's table only in 2024, then rolled them out to every fylke table from 2026 on — years/kommuner without them simply have no rows for those two metric values, not a null placeholder."
imdi-bosetting,year,"Calendar year, from the page's own section heading and the discovered URL",4-digit integer,"One page per year, discovered dynamically from the hub page's own links rather than a hardcoded range — a new year appearing on the hub is picked up automatically."
imdi-bosetting,value,The metric's numeric value for this kommune and year,Integer count; null when suppressed,"IMDi's own suppression marker is the literal character `:` — explained inline on every year's page: ""Dette betyr at tallet er fjernet av personvernhensyn. Det betyr som regel at det er under fem personer i feltet eller at totalsum på bosatte minus bosatte fra Ukraina er under fem."" (the number was removed for privacy; usually fewer than 5 people in that cell)."
lottstift-momskompensasjon,organisasjonsnummer,The recipient organisation's 9-digit Norwegian organisasjonsnummer,9-digit string,"Confirmed live 2026-10-04: every one of the six shipped years (2019-2024) carries a real recipient orgnr column, under a different name/position each year (see this source's README for the full per-year map). The three undated years (2016-2018) have no recipient orgnr at all — only a recipient NAME under an umbrella applicant — and are deliberately not ingested; matching by name alone would be unreliable. kommune_nr/region_kind and icnpo_kategori are resolved downstream by joining this column against dim_brreg_enhet, not parsed from this file."
lottstift-momskompensasjon,year,The grant year,4-digit integer,v1 ships all 6 years with a usable recipient orgnr (2019-2024); not latest-only.
lottstift-momskompensasjon,amount_nok,"The final awarded/paid amount for this organisation/year, summed across every case","Numeric, Norwegian kroner","A small number of organisations received more than one separate case/grant in the same year (confirmed live: 30 in 2022, 30 in 2023, 14 in 2020) — amounts are summed, not kept as separate rows. The real meaning of ""final amount"" differs by year (requested vs. approved vs. awarded vs. paid) — see amount_label for which of that year's own columns fed this value."
lottstift-momskompensasjon,amount_label,Which of that year's own column headers amount_nok was read from,"Free text, verbatim from the source file's header row","Kept because the real meaning of ""amount"" genuinely differs by year — not normalized away."
nav-aap,region_code,"Geographic code from the workbook row label, or the literal text ""Ukjent""","4-digit kommune code, or the literal string Ukjent (NAV's own unknown-region bucket)","Confirmed live 2026-10-02: this table has NO fylke rows and NO bydel rows at all (unlike nav-uforetrygd's PST302) — every real region row is a 4-digit kommune code. The one exception is ""Ukjent"" (NAV's own region-not-determinable bucket, a real and substantial count — 1,500+ people nationally per month, not a rounding artifact), which carries no numeric code at all. region_kind is derived downstream via classify_region_code, which correctly falls through to its existing `unknown` branch for a non-numeric label — no macro change needed. ⚠️ ""Ukjent"" exists only in the Antall (count) sheet — the Andel (share) sheet omits it entirely (357 regions there, 358 in Antall), presumably because there is no population denominator to compute a share against for a non-geographic bucket."
nav-aap,category_format,"Which sheet the row came from, not a column within a sheet",antall or andel,Same convention as nav-uforetrygd — NAV publishes count and share as two separate sheets.
nav-aap,year,"Calendar year, read from the sheet's own period-label cell (e.g. 'Periode: 2026 01 - 2026 08')",4-digit integer,One year per file — the live file is replaced in place as the year progresses.
nav-aap,month,"Calendar month, from the sheet's own Norwegian month-name header row",1-12 integer,"A plain integer column, same shape as nav-uforetrygd — no dim_period reference."
nav-aap,values_json,"Parsed month->value map for the region and category_format slice, for this sheet's year",JSON object with string month-number keys; suppressed cells (NAV's own `*` marker) as null,"Matches the full month spine present in the live file (partial-year, growing monthly)."
nav-helt-ledige,region_code,"Geographic code from the workbook row label, or the literal text ""Ukjent""","4-digit kommune code (including the Svalbard pseudo-kommune 2100), or the literal string Ukjent (NAV's own unknown-region bucket)","Confirmed live 2026-10-02: this table has NO fylke rows (bare ""I alt <name>"" rollup rows are excluded, not summed) and NO bydel rows at all — every real region row is a 4-digit code, including Svalbard's own pseudo-kommune code 2100. The one exception is ""Ukjent"" (NAV's own region-not-determinable bucket), which carries no numeric code at all and — unusually for this session — is ALSO the literal label of its own fylke-level header row (that header row carries zero data and is dropped by the ingest's existing hasData guard; only the data-bearing kommune-level ""Ukjent"" leaf row survives). region_kind is derived downstream via classify_region_code, which correctly falls through to its existing `unknown` branch for a non-numeric label — no macro change needed; 2100 resolves via the existing `^21\d{2}$` svalbard branch. ⚠️ Unlike nav-aap, ""Ukjent"" is present in BOTH sheets here (359 distinct regions in both Antall and Prosent — 357 kommuner + Svalbard's 2100 + Ukjent) — but every one of its month cells in the Prosent sheet is NAV's own suppression marker (`*`), not a real share. Do not assume the nav-aap asymmetry (357 vs 358) carries over to this source; it was checked independently and does not hold."
nav-helt-ledige,category_format,"Which sheet the row came from, not a column within a sheet",antall or prosent,"antall = ""3. Kommune Antall"" (count); prosent = ""4. Kommune Prosent av arbeidsst"" (share of the labour force). Named ""prosent"" rather than nav-aap's ""andel"" to match this table's own sheet-name vocabulary."
nav-helt-ledige,year,"Calendar year, read from the sheet's own period-label cell (e.g. 'Januar - august 2026')",4-digit integer,"One year per file — the live file is replaced in place as the year progresses. ⚠️ A different period-label shape than AAP155's ""Periode: <year> <mm> - <year> <mm>"" cell — this table's own cell reads ""<Month> - <month> <year>"", confirmed live. Each NAV table's own cell was read directly, not assumed uniform across the family."
nav-helt-ledige,month,"Calendar month, from the sheet's own Norwegian month-name header row",1-12 integer,"A plain integer column, same shape as nav-uforetrygd/nav-aap — no dim_period reference."
nav-helt-ledige,values_json,"Parsed month->value map for the region and category_format slice, for this sheet's year",JSON object with string month-number keys; suppressed cells (NAV's own `*` marker) as null,"Matches the full month spine present in the live file (partial-year, growing monthly)."
nav-uforetrygd,region_code,Geographic code from the workbook row label (NAV's own kommune/fylke/bydel numbering),"2-digit fylke, 4-digit kommune, or 6-digit bydel code (Oslo, Bergen, Stavanger, Trondheim only)","region_kind (fylke/kommune/bydel) is derived downstream via classify_region_code, not stored here — same convention as every other Atlas source. Oslo's own kommune-level rollup row (region_code 0301) is suppressed for every month in the live file sampled 2026-10-01, despite the fylke-level total for the same population being unsuppressed — recorded as observed upstream behaviour, not explained or corrected."
nav-uforetrygd,category_format,"Which sheet the row came from, not a column within a sheet",antall or andel,Structurally different from every prior Atlas source — NAV publishes count and share as two separate sheets rather than a Tallformat-style column. No category_unit dimension exists for this source.
nav-uforetrygd,year,"Calendar year, read from the sheet's own year-label cell (e.g. '2026 :')",4-digit integer,One year per file — the live file is replaced in place as the year progresses.
nav-uforetrygd,month,"Calendar month, from the sheet's own Norwegian month-name header row",1-12 integer,"Atlas's first monthly-cadence dimension. A plain integer column, not a dim_period reference — no such table exists anywhere in the codebase to reference."
nav-uforetrygd,values_json,"Parsed month->value map for the region and category_format slice, for this sheet's year",JSON object with string month-number keys; suppressed cells (NAV's own `*` marker) as null,"Matches the full month spine present in the live file (partial-year, growing monthly)."
redcross-branches,branch_id,Branch UUID,text,Stable identifier across snapshots
redcross-branches,branch_type,Branch type,3 codes,"HQ (national), Distrikt (regional), Lokalforening (local chapter)"
redcross-branches,branch_name,Branch name,text,
redcross-branches,location,Location attributes,object,"kommune, county, region, postal/street addresses"
redcross-branches,branch_status,Operational status,"{is_active, is_terminated, creation_date}",
redcross-branches,parent,Parent branch reference,"{branch_id, branch_number, branch_name, branch_type}",HQ has no parent; Lokalforening points at its Distrikt
redcross-branches,activities,Per-branch activities,"list of {global_activity_name, local_activity_name}",~50 global activity types in the Red Cross catalogue; each branch lists its active subset
ssb-06083,Region,Region (kommune / fylke / nasjon / bydel / historical),"Numeric code: 0 national, 2-digit fylke, 4-digit kommune, 6-digit bydel",~1051 codes
ssb-06083,FamilieType,Family type,9 codes,"Couple with/without children, single mother, single father, etc."
ssb-06083,ContentsCode,Statistic measure,1 code,Familier (family count)
ssb-06083,Tid,Year,4-digit year as text,2005–2025 (annual)
ssb-06913,Region,Region (kommune / fylke / nasjon / historical),"Numeric code: 0 national, 2-digit fylke, 4-digit kommune",~1288 codes including historical variants going back decades
ssb-06913,ContentsCode,Statistic measure,8 codes,"Folkemengde, Levende (live births), Dode (deaths), Fodselsoverskudd (birth surplus), Innflyttinger (in-migration), Utflyttinger (out-migration), Nettoinnflytting (net migration), Folketilvekst (population growth)"
ssb-06913,Tid,Year,4-digit year as text,1951–2026 (76 years; later years are projections)
ssb-06944,Region,Region (kommune / fylke / nasjon / bydel / delområder),"Numeric code: 0 national, 2-digit fylke, 4-digit kommune, 6-digit bydel/delområde",~3283 codes — includes bydeler (delområder) for fine-grained urban geography
ssb-06944,HusholdType,Household type,5 codes,0000 (all households) + 0001..0004 (specific household compositions)
ssb-06944,ContentsCode,Statistic measure,3 codes,"SamletInntekt (median total income, NOK), InntSkatt (income tax, NOK), AntallHushold (household count)"
ssb-06944,Tid,Year,4-digit year as text,2005–2024 (20 years; default response is latest year only)
ssb-06947,Region,Region (kommune / fylke / nasjon / bydel / historical),"Numeric code: 0 national, 2-digit fylke, 4-digit kommune, 6-digit bydel",~1036 codes — bydeler exist for the 4 largest cities
ssb-06947,ContentsCode,Statistic measure,5 codes,"Same vocabulary as ssb-08764 — Personer, EUskala50, EUskala60, OECDskala50, OECDskala60. ssb-08764 is the under-18 slice; this is whole-population."
ssb-06947,Tid,Year,4-digit year as text,2005–2024
ssb-07459,Region,Region (kommune / fylke / nasjon),"Numeric code: 0 national, 2-digit fylke, 4-digit kommune",~994 codes
ssb-07459,Kjonn,Sex,2 codes,"""1"" Menn (men), ""2"" Kvinner (women)"
ssb-07459,Alder,Single-year age,3-character text code,"""000"" through ""104"" + ""105+"" residual; 106 codes total"
ssb-07459,ContentsCode,Statistic measure,1 code,Personer1 (resident count)
ssb-07459,Tid,Year,4-digit year as text,1986–2026 (41 years; default response is latest year only). Largest pull in the catalogue at ~210 k cells when wildcarded.
ssb-08764,Region,Region (national / fylke / kommune / bydel / historical),"Numeric code: 0 national, 2-digit fylke, 4-digit kommune, 6-digit bydel",~1036 codes when pulling full range
ssb-08764,ContentsCode,Statistic measure,5 codes,"Personer (count under 18), EUskala50/EUskala60 (% under 18 below 50%/60% of median, EU scale), OECDskala50/OECDskala60 (same, OECD scale). Samfunnspuls uses EUskala60."
ssb-08764,Tid,Year,4-digit year as text,2005–2024 (20 years); default v2-beta response is latest year only
ssb-09429,Region,Region (kommune / fylke / nasjon / bydel / historical),"Numeric code: 0 national, 2-digit fylke, 4-digit kommune, 6-digit bydel",~979 codes
ssb-09429,Nivaa,Education level (NUS2000),7 codes,"Grunnskole (primary), videregående skole (upper-secondary), universitets-/høgskoleutdanning kort (1–4 years) and lang (5+ years), forskerutdanning (PhD), uoppgitt (unknown)"
ssb-09429,Kjonn,Sex,3 codes,"""0"" both, ""1"" men, ""2"" women"
ssb-09429,ContentsCode,Statistic measure,2 codes,Person count and percentage share at the given education level
ssb-09429,Tid,Year,4-digit year as text,1970–2024 (55 years)
ssb-10501,Fornavn,"First name, as a composite code (leading digit 1=girl name, 2=boy name, then the uppercased name)","e.g. 1ABIGAIL (girl), 2ADRIAN (boy); 2,152 codes total, 1,134 girl + 1,018 boy","Only names used by 200+ persons at year-end appear at all. The paired label (e.g. ""Abigail"") is properly cased with no gender prefix."
ssb-10501,ContentsCode,Statistic measure,1 code,"Degenerate — the table exposes exactly one statistic, ""Personer"" (count of persons with this name)."
ssb-10501,Tid,Year,4-digit year as text,"2013-2025 (13 years). 13.6% of cells are suppressed (value null, status ""."") where a name's count dropped to 200 or fewer in that year."
ssb-10826,Region,Region (city-total / bydel / unknown-bydel / historical bydel),Alphanumeric SSB bydel-region code,"99 codes covering Oslo, Stavanger, Bergen and Trondheim, including historical rows and city-total rows."
ssb-10826,Kjonn,Sex,2 codes,"""1"" Menn (men), ""2"" Kvinner (women)"
ssb-10826,Alder,Single-year age,3-character text code,"""000"" through ""104"" + ""105+"" residual; 106 codes total"
ssb-10826,ContentsCode,Statistic measure,1 code,Personer (resident count)
ssb-10826,Tid,Year,4-digit year as text,2001–2026 (26 years; default response is latest year only).
ssb-12063,KOKkommuneregion0000,KOSTRA region (kommune / fylke / aggregate),"Numeric code: 0 national, 2-digit fylke, 4-digit kommune; KOSTRA-specific codes for aggregates",~891 codes — mapped to region_code at ingest
ssb-12063,ContentsCode,Statistic measure,15 codes,Youth-centre count + capacity + voluntary-association counts receiving public support (kommunale fritidstilbud / frivillige ungdomsforeninger)
ssb-12063,Tid,Year,4-digit year as text,2015–2024
ssb-12131,KOKkommuneregion0000,KOSTRA region (kommune / fylke / aggregate),"Numeric code: 0 national, 2-digit fylke, 4-digit kommune; KOSTRA-specific codes for aggregates",~891 codes — mapped to region_code at ingest
ssb-12131,ContentsCode,Statistic measure,Multiple codes,Monthly social-assistance rates (stønadssatser) by household composition
ssb-12131,Tid,Year,4-digit year as text,2015–2024
ssb-12132,KOKkommuneregion0000,KOSTRA region (kommune / fylke / aggregate),"Numeric code: 0 national, 2-digit fylke, 4-digit kommune; KOSTRA-specific codes for aggregates",~891 codes — mapped to region_code at ingest
ssb-12132,ContentsCode,Statistic measure,Multiple codes,Per-kommune rules — whether child benefit / children's own income / cash-for-childcare are counted as income when calculating welfare payments
ssb-12132,Tid,Year,4-digit year as text,2015–2024
ssb-12292,KOKkommuneregion0000,KOSTRA region (kommune / fylke / aggregate),"Numeric code: 0 national, 2-digit fylke, 4-digit kommune; KOSTRA-specific codes for aggregates",~891 codes — mapped to region_code at ingest
ssb-12292,ContentsCode,Statistic measure,49 codes,"Care-service indicators — nursing home + home-care metrics (capacity, staffing, recipients, costs)"
ssb-12292,Tid,Year,4-digit year as text,2015–2024
ssb-12451,region_code,"Kommune of residence (bostedskommune), SSB-format","Numeric code: 4-digit kommune, plus SSB's own sentinel shapes","937 codes total, spanning the full 2000-2026 series including historical (pre-merger) kommune codes — same convention as every other SSB Region dimension in this project. Confirmed live 2026-10-02 that the sentinel codes present already match classify_region_code's existing patterns exactly: XX99 (""Uoppgitt kommune <fylke>""), 9999 (""Uoppgitt kommune"" national), 2111 (Longyearbyen/Svalbard), 2199/2299 (Svalbard/Jan Mayen unspecified). One exception: `0716u` (""Våle (-2001)"") — SSB's own disambiguation suffix for a historical kommune whose numeric code was later reused by a different kommune (0716 is Re, 2002-2019). Not digit-only, so it correctly falls through to classify_region_code's `unknown` branch rather than a dedicated new one — a single discontinued code, not a new sentinel class."
ssb-12451,period,"Quarter, SSB's own code (e.g. 2026K2 = 2026, 2nd quarter)","YYYYKQ text, stored verbatim — not parsed into year+quarter columns","Same convention as ssb-12944's ""period stored as text, not parsed"" — keeps this module a faithful passthrough. 105 distinct values at ingest time, 2000K2 through 2026K2."
ssb-12451,contents_code,Which sykefravær figure this row's value is — not a format variant,Sykefraversprosent | Sykefraversdagsverk,"v1 scope is these two headline measures only. The table also has ArbeidstakereSykefra / ArbeidstakereSykePro (a different metric — count/share of employees with ANY sick-leave spell, not days-weighted) and four *Endr* variants that are pure year-over-year deltas of the measures above, trivially re-derivable from the raw quarterly series — none ingested, per PLAN-013's [Q2]."
ssb-12451,value,The measure's value for this kommune and quarter,"Numeric (percent for Sykefraversprosent, lost workdays for Sykefraversdagsverk)","No suppression marker observed on any cell checked live, including Norway's smallest kommune by population (Utsira) — not a blanket claim that no cell in this table is ever suppressed, just what the sampled cells showed. `status` carries SSB's own cell-level flag when one exists (none observed at ingest time)."
ssb-12891,Etternavn,"Surname code, uppercased, no gender prefix (unlike ssb-10501's Fornavn)","e.g. ABBAS; 3,706 codes total","Only surnames used by 200+ persons at year-end appear at all. The paired label (e.g. ""Abbas"") is properly cased."
ssb-12891,ContentsCode,Statistic measure,1 code,"Degenerate — the table exposes exactly one statistic, ""Personer"" (count of persons with this surname)."
ssb-12891,Tid,Year,4-digit year as text,2018-2025 (8 years) — a shorter series than ssb-10501's 2013-2025; SSB started publishing this table later.
ssb-12944,Region,Region (kommune / fylke / nasjon / bydel / grunnkrets / historical),"Numeric code: 0 national, 2-digit fylke, 4-digit kommune, 6-digit bydel",1036 codes
ssb-12944,Alder,Age band,6 codes,"999A (all ages), 00-17, 18-34, 35-49, 50-66, 067+"
ssb-12944,ContentsCode,Statistic measure,2 codes,"PersonerSeksti (count) and EUskalaSeksti (% below 60% of median, EU scale, 3-year persistent)"
ssb-12944,Tid,3-year rolling period,"""YYYY-YYYY"" period label",12 periods — 2011-2013 through 2022-2024
ssb-13995,KOKkommuneregion0000,KOSTRA region (kommune / fylke / aggregate),"Numeric code: 0 national, 2-digit fylke, 4-digit kommune; KOSTRA-specific codes for aggregates",~891 codes — mapped to region_code at ingest
ssb-13995,ContentsCode,Statistic measure,34 codes,"Cases, recipients, share of population, amounts paid, support duration (kr og stønadstid)"
ssb-13995,Tid,Year,4-digit year as text,2022–2025 (4 years)
ssb-crime-tables,LovbruddKrim,Offence type (hierarchical Lovbrudd/classification 146),Alphanumeric Px code,"Applies to 08484, 08487, 09405, 09406; 08487 uses a coarse subset of groups only."
ssb-crime-tables,ContentsCode,"Statistic measure (counts, rates, clearance percentage)",SSB metric code(s) per table,08484 has counts and per-1–000 inhabitants; 09406 mixes absolute counts with clearance rate.
ssb-crime-tables,Tid,"Calendar year (08484, 09405, 09406)",YYYY integer in landing column year,Not present as a labelled dimension row on 08487—08487 uses two-year interval codes instead (period_interval_* columns).
ssb-crime-tables,intervall (år),Rolling two-calendar-year window label (08487 only),e.g. 2023-2024 as text interval code,Px dimension name differs from Tid; ingest stores as period_interval_code / period_interval_label.
ssb-crime-tables,Gjerningssted,Place of offence geography (klass 131),SSB municipality / county / country / historical region code,Present only on 08487; ingest stores as region_code / region_label.
ssb-crime-tables,PolitiAvgjorelse,Final police investigative outcome bucket,SSB categorical code set,Present only on 09405 alongside national offence totals.
ssb-klass-fylker,code,Fylke code,"2-digit numeric, zero-padded","16 codes — 15 real fylker (e.g. 03 Oslo, 11 Rogaland, 50 Trøndelag) + 99 Uoppgitt"
ssb-klass-fylker,name,Fylke name (bokmål),text,
ssb-klass-fylker,parent_code,Parent classification code,text or null,Always null (no parent level)
ssb-klass-fylker,level,Hierarchy level,text,"Always ""1"" (flat list)"
ssb-klass-fylker,valid_from / valid_to,Validity span,ISO date or null,Codes carry their own valid_from/valid_to plus the validFromInRequestedRange computed at fetch time
ssb-klass-kommuner,code,Kommune code,"4-digit numeric, zero-padded",~358 active codes — first 2 digits encode fylke (e.g. 0301 Oslo)
ssb-klass-kommuner,name,Kommune name (bokmål),text,
ssb-klass-kommuner,parent_code,Parent classification code,text or null,Typically null in a codesAt snapshot; fylke relationship is encoded in the first 2 digits of `code`
ssb-klass-kommuner,level,Hierarchy level,text,"Always ""1"" for this classification"
ssb-klass-kommuner,valid_from / valid_to,Validity span,ISO date or null,Both null in a codesAt snapshot; the historical range is captured in valid_from_in_range
ssb-klass-kommuner,notes,Free-text notes,text or null,"Boundary changes, Sámi name variants, etc."
udir-elevundersokelsen-mobbing,region_code,"Geographic code from Udir's own EnhetID hierarchy (nivaa 3, ""kommune-equivalent"")","4-digit kommune code (including Svalbard's pseudo-kommune 2100), or the literal 2599 (Utlandet, uspesifisert — Norwegian schools abroad with no further breakdown)","Confirmed live 2026-10-03: 351 nivaa-3 nodes total, fewer than the ~357-359 seen in every other kommune-grain Atlas source, because Elevundersøkelsen's own tree only includes a kommune if at least one of its schools reports into this table that year — a kommune with nothing to report is absent from the tree entirely, not present-and-suppressed. Represent exactly what the tree contains. region_kind is derived downstream via classify_region_code: 2100 resolves via the existing svalbard branch (same finding as udir-gsi/husbanken-bostotte); 2599 resolves via the existing unspecified_within_fylke (^\d{2}99$) branch — confirmed by inspection in Phase 1, no macro change needed either way."
udir-elevundersokelsen-mobbing,grade,Which grade this row's figures are for,"7 or 10 (the real grade number — Udir's own internal TrinnID ids, 6 and 9, are translated to this before storage)","Matches fhi-mobbing's own established 7th+10th-grade axis. ⚠️ Udir's TrinnID filter has NO ""all grades"" sentinel for this report — confirmed live, Udir's -10 convention (which means ""alle"" for udir-gsi's KommunalitetID) silently resolves to a single specific grade here instead of erroring. Every row names its grade explicitly; never assume a combined figure."
udir-elevundersokelsen-mobbing,year,"School year code from Udir's own TidID dimension, discovered dynamically","6-digit integer, e.g. 202512 = school year 2025-26","v1 ingests the latest available year only (confirmed live: 5 years are equally live-queryable, 2021-22 through 2025-26) — see this source's README for why backfill is deferred, not just a convention carried from the NAV-Excel sources."
udir-elevundersokelsen-mobbing,measure,Stable identifier for the indicator or survey question this row's value answers,"Udir's own code, e.g. EUIndeks_1398 (the composite 'Mobbing på skolen' indicator) or EUSpoersmaal_Q11811/Q11824/Q11816 (the three underlying questions)","Unlike udir-gsi, which only had a human-readable label at the measure level, this report's own API provides a stable code directly — used here instead of a constructed string."
udir-elevundersokelsen-mobbing,measure_label,"The real Norwegian survey question or indicator text, verbatim from the API",free text,Kept alongside measure because the literal question wording carries real meaning here.
udir-elevundersokelsen-mobbing,value,"Percentage of surveyed pupils reporting this, for the region/grade/year/measure slice","Percentage (0-100), Norwegian decimal comma in the raw API text, parsed to a plain number","NULL when Udir itself suppressed the cell (its own marker, the literal character '*')."
udir-fravar,region_code,"Geographic code from Udir's own EnhetID hierarchy (nivaa 3, ""kommune-equivalent"")","4-digit kommune code (including the Svalbard pseudo-kommune 2100), or the literal 2599 (Utlandet, uspesifisert — Norwegian schools abroad)","Confirmed live 2026-10-03: this report's EnhetID IS the row hierarchy (same shape as udir-gsi/udir-nasjonale-prover, not udir-elevundersokelsen-mobbing's column-dimension shape) — the response's own metadata.rowHierarchy is [""Nasjonalt"",""Fylke"",""Kommune"",""Enhet""]. Svalbard (2100) is reachable through the normal domestic radSti anchor (-12.*.*). Utlandet, uspesifisert (2599) sits under its OWN top-level node (a sibling of ""Hele landet"", not a descendant) and needs a second radSti anchor (-13.*.*) to reach — and it carries real, non-suppressed data every year (65 real pupils for 2024-25, confirmed live), not an empty placeholder. A kommune can also be entirely ABSENT from the row set without the response being empty overall (confirmed live: Utsira, likely too small a 10th-grade cohort to report that year) — a real absence, not a suppressed row. region_kind is derived downstream via classify_region_code: 2100 resolves via the existing svalbard branch, 2599 via the existing unspecified_within_fylke branch — no macro change needed for either, confirmed by inspection."
udir-fravar,year,"School year code from Udir's own TidID dimension, discovered dynamically","6-digit integer, e.g. 202506 = school year 2024-25","v1 backfills every discovered year (11, confirmed live: 2014-15 through 2024-25) — a real correction from this source's own Phase 1 recommendation of ""latest year only,"" made after finding udir-gsi's own real code (not its README's prose) backfills fully when the call cost is cheap, which this report's cost (2 calls/year) matches."
udir-fravar,measure,Which figure this row's value is,"Median dager, Median timer, Snitt dager, Snitt timer, or Antall elever","No stable measure code is exposed for these five columns by the API — only the column label, same shape as udir-gsi's/udir-nasjonale-prover's own measure columns. All five are returned in a single call per region/year (VisAntallPersoner(1)_VisMaaltall(1) both set) — more columns than filterVerdier's own VisMaaltall value list suggested (it names only ""Snitt timer"" as the id:1 option's label; the real response carries all four day/hour statistics plus the participant count under that one flag), confirmed live."
udir-fravar,value,The measure's value for this region/year slice,"Numeric — Antall elever is a whole number; the four day/hour measures carry a Norwegian decimal comma in the raw API text, parsed to a plain number","NULL when Udir itself suppressed the cell (its own marker, the literal character '*')."
udir-gsi,region_code,"SSB-format region code, read directly from the API's own `kode` field at the third hierarchy level (fylke two levels up, individual school one level down)",4-digit code (SSB standard) — not always a real kommune,"Verified live 2026-10-02: the GSI data endpoint's `EnhetID` hierarchy already carries real SSB-format codes at this level when the request includes `inkluderKoder=true` — no crosswalk needed, unlike imdi-bosetting's free-text names. ⚠️ But ""same tree depth as a kommune"" is not ""is a kommune"": `2100` (Svalbard) and `2111` sit at this exact depth because GSI reports a school there, matching SSB's own `21xx` Svalbard pattern. Named `region_code`, not `kommune_nr`, for this reason — `kommune_nr` is resolved downstream via this project's existing `classify_region_code`/`region_code_to_kommune_nr` dbt macros, same as every other kommune-grain source, not assumed from the raw code's shape."
udir-gsi,year,"School year, read from the `TidID` filter dimension (e.g. 202510 = school year 2025-26)","6-digit school-year code, YYYY10 (the trailing 10 is the API's own convention, not an Atlas derivation)","Every available year is discovered dynamically via the API's own filterVerdier endpoint, not a hardcoded range — a year Udir adds later is picked up automatically."
udir-gsi,measure,Which GSI figure this row's value is — not a format variant,Antall elever | Antall elever med individuelt tilrettelagt opplæring/spesialundervisning | Antall elever med forsterket opplæring i norsk | Antall skoler,"Four distinct counts (total pupils, pupils with individually-tailored instruction, pupils with reinforced Norwegian instruction, school count), named verbatim from the API's own column metadata — no separate text-lookup round trip needed to label them. This is the grand-total slice only (all grades, all sexes, all ownership types combined) — the underlying report also supports breaking these same four measures down by trinn (grade), kjønn (sex) and eierform (public/private), which this source does not ingest. See atlas-data/ingest/src/sources/udir-gsi/README.md for why."
udir-gsi,value,The measure's numeric value for this kommune and year,Integer count; null when suppressed,"Udir's own suppression marker is the literal character `*` — the same convention `nav-uforetrygd` uses. Confirmed live on real small kommuner (e.g. Træna, Utsira) where the individually-tailored-instruction and Norwegian-reinforcement counts are suppressed while the plain pupil/school counts for the same kommune are not."
udir-nasjonale-prover,region_code,"Geographic code from Udir's own EnhetID hierarchy (nivaa 3, ""kommune-equivalent"")","4-digit kommune code (including the Svalbard pseudo-kommune 2100), or the literal 2599 (Utlandet, uspesifisert — Norwegian schools abroad)","Confirmed live 2026-10-03: this report's EnhetID IS the row hierarchy (unlike udir-elevundersokelsen-mobbing's column-dimension shape) — the response's own metadata.rowHierarchy is [""Nasjonalt"",""Fylke"",""Kommune"",""Enhet""]. Svalbard (2100) is reachable through the normal domestic radSti anchor (-12.*.*), same tree depth as udir-gsi's own finding. Utlandet, uspesifisert (2599) sits under its OWN top-level node (a sibling of ""Hele landet"", not a descendant) and needs a second radSti anchor (-13.*.*) to reach — and it carries real, non-suppressed data (73 real pupils confirmed live), not an empty placeholder. region_kind is derived downstream via classify_region_code: 2100 resolves via the existing svalbard branch, 2599 via the existing unspecified_within_fylke branch — no macro change needed for either, confirmed by inspection."
udir-nasjonale-prover,grade,The real grade number this row's figures are for,"5, 8, or 9","5th grade and ""ungdomstrinn"" (8th/9th) are two genuinely separate Udir report versions under the same NasjonaleProever table name, queried together under this one source."
udir-nasjonale-prover,subject,Which national test subject this row's value is for,"NPENG (engelsk/English), NPLES (lesing/reading), or NPREG (regning/numeracy) — Udir's own stable ProevetypeID code","NOT every grade×subject combination exists — confirmed live, English exists only at 8th grade, not 9th (the combination returns a genuinely empty response upstream, not a suppressed one). This ingest discovers valid combinations from the API's own filterVerdier response rather than hardcoding which ones are valid, so a future change by Udir is picked up automatically."
udir-nasjonale-prover,year,"School year code from Udir's own SkoleAarID dimension, discovered dynamically","8-digit integer, e.g. 20252026 = school year 2025-26","v1 ingests the latest available year only. Udir's own methodology text states results from before the 2022-23 school year were removed from the statistics bank on 2025-11-13 — not an Atlas backfill decision, the data genuinely does not exist upstream before then."
udir-nasjonale-prover,measure,Which figure this row's value is,"Skalapoeng (scale score), Usikkerhet (uncertainty/margin of error), or Antall elever deltatt (participant count)","No stable measure code is exposed for these three columns by the API (unlike udir-elevundersokelsen-mobbing's EUIndeks_*/EUSpoersmaal_* codes) — only the column label, same shape as udir-gsi's own measure columns."
udir-nasjonale-prover,value,The measure's value for this region/grade/subject/year slice,"Numeric — Skalapoeng and Antall elever deltatt are typically whole numbers; Usikkerhet carries a Norwegian decimal comma in the raw API text, parsed to a plain number","NULL when Udir itself suppressed the cell (its own marker, the literal character '*')."
