ngo,chapters,local,regional,related_entity,both,registry_only,source_only,legal_entity,sub_unit,unregistered,with_kommune,with_coordinates,regional_parent_links,activity_definitions,chapter_activity_links,published_contacts,definitions_with_full_text,description_median_words
diabetesforbundet,159,137,22,0,88,29,42,117,0,42,88,0,127,7,152,663,,
fire-h,592,573,17,2,360,134,98,494,0,98,433,0,455,3,455,0,,
folkehjelp,128,125,3,0,92,15,21,107,0,21,93,0,0,6,257,0,,
frelsesarmeen,299,260,9,30,137,38,124,11,175,113,174,0,0,36,38,19,34,67
kirkens-bymisjon,433,431,0,2,67,84,282,0,151,282,151,0,0,144,349,0,135,120
lhl,282,264,18,0,211,17,54,228,0,54,189,0,250,17,414,1908,,
mental-helse,199,184,15,0,88,100,11,188,0,11,155,0,133,7,167,4,,
nasjonalforeningen,485,468,17,0,319,51,115,370,0,115,312,0,414,6,470,414,6,46
redcross,390,361,21,8,349,33,8,381,0,8,346,0,331,235,1535,0,161,84
sanitetskvinnene,572,567,4,1,442,21,109,463,0,109,405,548,33,14,649,542,12,94.5
speiderforbundet,482,452,24,6,266,127,89,393,0,89,359,332,332,6,416,0,,
